 
spool init_minimal.log;
prompt Searching for invalid objects... 
 
prompt *****************************************************
prompt *   INITIALISING DATABASE 
prompt *****************************************************
 
prompt Disabling foreign keys ... 
prompt ------------------------------------
 
 
prompt Disabling foreign key constraints for MENUITEM...
alter table MENUITEM disable constraint FK_MENUITEM_MENUITEM; 
prompt Inserting data into tables... 
prompt ------------------------------------
 
 
prompt Inserting data into sys_user... 
prompt ------------------------------------
 
insert into sys_user (LOGIN_CODE, LOGIN_PASSWORD ) values( 'ADMIN','ADMIN'); 
 
prompt Inserting data into org_attr... 
prompt ------------------------------------
 
insert into org_attr (NAME, DESCRIPTION, DATA_TYPE ) values( 'IS_PARCEL_WAREHOUSE','Specify if this acts as a warhouse for parcel storage ','BOOLEAN' ); 
insert into org_attr (NAME, DESCRIPTION, DATA_TYPE ) values( 'IS_DELIVERY_AGENT','Specify if this is a parcel delivery agent','BOOLEAN' ); 
 
prompt Inserting data into languages... 
prompt ------------------------------------
 
insert into languages (CODE, NAME, ACTIVE) values( 'en','English','Y' ); 
insert into languages (CODE, NAME, ACTIVE) values( 'ro','Romana','Y' ); 
 
prompt Inserting data into menubar... 
prompt ------------------------------------
 
insert into menubar (CODE, NAME, POSITION, IS_DEFAULT, IS_MODULE_MENUBAR) values( 'MAIN','Main Menu',0,'Y','Y'); 
insert into menubar (CODE, NAME, POSITION, IS_DEFAULT, IS_MODULE_MENUBAR) values( 'AD','Administration',1,'N','Y'); 
insert into menubar (CODE, NAME, POSITION, IS_DEFAULT, IS_MODULE_MENUBAR) values( 'BP','Business Partners',2,'N','Y'); 
insert into menubar (CODE, NAME, POSITION, IS_DEFAULT, IS_MODULE_MENUBAR) values( 'MM','Material Management',3,'N','Y'); 
insert into menubar (CODE, NAME, POSITION, IS_DEFAULT, IS_MODULE_MENUBAR) values( 'SL','Sales',4,'N','Y'); 
insert into menubar (CODE, NAME, POSITION, IS_DEFAULT, IS_MODULE_MENUBAR) values( 'DT','Distribution',5,'N','Y'); 
insert into menubar (CODE, NAME, POSITION, IS_DEFAULT, IS_MODULE_MENUBAR) values( 'FI','Financials',6,'N','Y'); 
insert into menubar (CODE, NAME, POSITION, IS_DEFAULT, IS_MODULE_MENUBAR) values( 'HR','Human Resources',7,'N','Y'); 
insert into menubar (CODE, NAME, POSITION, IS_DEFAULT, IS_MODULE_MENUBAR) values( 'DV','Developer',10,'N','Y'); 
insert into menubar (CODE, NAME, POSITION, IS_DEFAULT, IS_MODULE_MENUBAR) values( 'PJ','Project Management',8,'N','Y'); 
 
prompt Inserting data into menuitem... 
prompt ------------------------------------
 
insert into menuitem (MENUBAR_CODE, NAME, POSITION, MENUITEM_ID, LINK, ACTIVE, IMPORT_ID) values( 'AD','System',1,'','','Y',1); 
insert into menuitem (MENUBAR_CODE, NAME, POSITION, MENUITEM_ID, LINK, ACTIVE, IMPORT_ID) values( 'AD','Geo base data',2,'281','','Y',2); 
insert into menuitem (MENUBAR_CODE, NAME, POSITION, MENUITEM_ID, LINK, ACTIVE, IMPORT_ID) values( 'AD','Menu setup',1,'1','','Y',3); 
insert into menuitem (MENUBAR_CODE, NAME, POSITION, MENUITEM_ID, LINK, ACTIVE, IMPORT_ID) values( 'FI','Accounting',3,'','','Y',4); 
insert into menuitem (MENUBAR_CODE, NAME, POSITION, MENUITEM_ID, LINK, ACTIVE, IMPORT_ID) values( 'BP','BP Base data',1,'','','Y',21); 
insert into menuitem (MENUBAR_CODE, NAME, POSITION, MENUITEM_ID, LINK, ACTIVE, IMPORT_ID) values( 'MM','MM Base Data',1,'','','Y',22); 
insert into menuitem (MENUBAR_CODE, NAME, POSITION, MENUITEM_ID, LINK, ACTIVE, IMPORT_ID) values( 'MM','Measuring units',3,'','','Y',41); 
insert into menuitem (MENUBAR_CODE, NAME, POSITION, MENUITEM_ID, LINK, ACTIVE, IMPORT_ID) values( 'SL','Orders Management',3,'','','Y',61); 
insert into menuitem (MENUBAR_CODE, NAME, POSITION, MENUITEM_ID, LINK, ACTIVE, IMPORT_ID) values( 'FI','Base Data',1,'','','Y',81); 
insert into menuitem (MENUBAR_CODE, NAME, POSITION, MENUITEM_ID, LINK, ACTIVE, IMPORT_ID) values( 'FI','Currency',1,'81','UI0010','Y',101); 
insert into menuitem (MENUBAR_CODE, NAME, POSITION, MENUITEM_ID, LINK, ACTIVE, IMPORT_ID) values( 'AD','Countries',1,'2','UI0003','Y',102); 
insert into menuitem (MENUBAR_CODE, NAME, POSITION, MENUITEM_ID, LINK, ACTIVE, IMPORT_ID) values( 'AD','Regions',2,'2','UI0004','Y',103); 
insert into menuitem (MENUBAR_CODE, NAME, POSITION, MENUITEM_ID, LINK, ACTIVE, IMPORT_ID) values( 'BP','BP Master data',3,'','UI0040','Y',104); 
insert into menuitem (MENUBAR_CODE, NAME, POSITION, MENUITEM_ID, LINK, ACTIVE, IMPORT_ID) values( 'FI','Accounts chart',3,'301','UI0202','Y',105); 
insert into menuitem (MENUBAR_CODE, NAME, POSITION, MENUITEM_ID, LINK, ACTIVE, IMPORT_ID) values( 'BP','Banks',1,'21','UI0001','Y',106); 
insert into menuitem (MENUBAR_CODE, NAME, POSITION, MENUITEM_ID, LINK, ACTIVE, IMPORT_ID) values( 'MM','Product categories',1,'22','UI0036','Y',107); 
insert into menuitem (MENUBAR_CODE, NAME, POSITION, MENUITEM_ID, LINK, ACTIVE, IMPORT_ID) values( 'SL','Contract types',1,'342','UI0204','Y',108); 
insert into menuitem (MENUBAR_CODE, NAME, POSITION, MENUITEM_ID, LINK, ACTIVE, IMPORT_ID) values( 'SL','Customer contracts',3,'341','UI0205','Y',109); 
insert into menuitem (MENUBAR_CODE, NAME, POSITION, MENUITEM_ID, LINK, ACTIVE, IMPORT_ID) values( 'SL','Contract status',2,'61','CONTRSTAT','N',110); 
insert into menuitem (MENUBAR_CODE, NAME, POSITION, MENUITEM_ID, LINK, ACTIVE, IMPORT_ID) values( 'FI','Exchange rates',2,'81','UI0011','Y',111); 
insert into menuitem (MENUBAR_CODE, NAME, POSITION, MENUITEM_ID, LINK, ACTIVE, IMPORT_ID) values( 'MM','Purchases',4,'','','Y',112); 
insert into menuitem (MENUBAR_CODE, NAME, POSITION, MENUITEM_ID, LINK, ACTIVE, IMPORT_ID) values( 'FI','Invoice report',5,'264','REP0002','Y',113); 
insert into menuitem (MENUBAR_CODE, NAME, POSITION, MENUITEM_ID, LINK, ACTIVE, IMPORT_ID) values( 'AD','Menues',1,'3','MENU01','N',114); 
insert into menuitem (MENUBAR_CODE, NAME, POSITION, MENUITEM_ID, LINK, ACTIVE, IMPORT_ID) values( 'AD','Menu items',2,'3','UI0016','Y',115); 
insert into menuitem (MENUBAR_CODE, NAME, POSITION, MENUITEM_ID, LINK, ACTIVE, IMPORT_ID) values( 'FI','Invoice',4,'264','UI0031','Y',117); 
insert into menuitem (MENUBAR_CODE, NAME, POSITION, MENUITEM_ID, LINK, ACTIVE, IMPORT_ID) values( 'FI','Accounting years',1,'301','UI0200','Y',118); 
insert into menuitem (MENUBAR_CODE, NAME, POSITION, MENUITEM_ID, LINK, ACTIVE, IMPORT_ID) values( 'FI','Accounting periods',2,'301','UI0201','Y',119); 
insert into menuitem (MENUBAR_CODE, NAME, POSITION, MENUITEM_ID, LINK, ACTIVE, IMPORT_ID) values( 'AD','User interfaces (UI)',2,'241','UI0015','Y',120); 
insert into menuitem (MENUBAR_CODE, NAME, POSITION, MENUITEM_ID, LINK, ACTIVE, IMPORT_ID) values( 'MM','Product master-data',2,'703','UI0037','Y',121); 
insert into menuitem (MENUBAR_CODE, NAME, POSITION, MENUITEM_ID, LINK, ACTIVE, IMPORT_ID) values( 'MM','Measuring unit types',1,'41','UI0021','Y',122); 
insert into menuitem (MENUBAR_CODE, NAME, POSITION, MENUITEM_ID, LINK, ACTIVE, IMPORT_ID) values( 'MM','Measuring units',2,'41','UI0020','Y',123); 
insert into menuitem (MENUBAR_CODE, NAME, POSITION, MENUITEM_ID, LINK, ACTIVE, IMPORT_ID) values( 'MM','Units conversion',3,'41','UI0022','Y',124); 
insert into menuitem (MENUBAR_CODE, NAME, POSITION, MENUITEM_ID, LINK, ACTIVE, IMPORT_ID) values( 'MAIN','Test',10,'','REP0001','N',141); 
insert into menuitem (MENUBAR_CODE, NAME, POSITION, MENUITEM_ID, LINK, ACTIVE, IMPORT_ID) values( 'BP','Bank agencies',2,'21','UI0002','Y',161); 
insert into menuitem (MENUBAR_CODE, NAME, POSITION, MENUITEM_ID, LINK, ACTIVE, IMPORT_ID) values( 'AD','Cities',3,'2','UI0005','Y',162); 
insert into menuitem (MENUBAR_CODE, NAME, POSITION, MENUITEM_ID, LINK, ACTIVE, IMPORT_ID) values( 'AD','Streets',4,'2','UI0006','Y',181); 
insert into menuitem (MENUBAR_CODE, NAME, POSITION, MENUITEM_ID, LINK, ACTIVE, IMPORT_ID) values( 'DT','Base data',1,'','','Y',202); 
insert into menuitem (MENUBAR_CODE, NAME, POSITION, MENUITEM_ID, LINK, ACTIVE, IMPORT_ID) values( 'DT','Parcel Management',2,'','','Y',203); 
insert into menuitem (MENUBAR_CODE, NAME, POSITION, MENUITEM_ID, LINK, ACTIVE, IMPORT_ID) values( 'DT','Parcel Master data',10,'203','UI0100','Y',204); 
insert into menuitem (MENUBAR_CODE, NAME, POSITION, MENUITEM_ID, LINK, ACTIVE, IMPORT_ID) values( 'PJ','Tasks',1,'','UI0050','Y',221); 
insert into menuitem (MENUBAR_CODE, NAME, POSITION, MENUITEM_ID, LINK, ACTIVE, IMPORT_ID) values( 'AD','UI components',2,'1','','Y',241); 
insert into menuitem (MENUBAR_CODE, NAME, POSITION, MENUITEM_ID, LINK, ACTIVE, IMPORT_ID) values( 'AD','Lists of values (LOV)',3,'241','UI0017','Y',242); 
insert into menuitem (MENUBAR_CODE, NAME, POSITION, MENUITEM_ID, LINK, ACTIVE, IMPORT_ID) values( 'MM','Supplier invoice',4,'112','UI0032','Y',243); 
insert into menuitem (MENUBAR_CODE, NAME, POSITION, MENUITEM_ID, LINK, ACTIVE, IMPORT_ID) values( 'FI','Payment doc. types',3,'81','UI0034','Y',261); 
insert into menuitem (MENUBAR_CODE, NAME, POSITION, MENUITEM_ID, LINK, ACTIVE, IMPORT_ID) values( 'FI','Invoice doc. types',7,'81','UI0033','Y',262); 
insert into menuitem (MENUBAR_CODE, NAME, POSITION, MENUITEM_ID, LINK, ACTIVE, IMPORT_ID) values( 'FI','Payables',5,'','','Y',263); 
insert into menuitem (MENUBAR_CODE, NAME, POSITION, MENUITEM_ID, LINK, ACTIVE, IMPORT_ID) values( 'FI','Receivables',6,'','','Y',264); 
insert into menuitem (MENUBAR_CODE, NAME, POSITION, MENUITEM_ID, LINK, ACTIVE, IMPORT_ID) values( 'FI','Payments - Payables',1,'263','UI0035','Y',265); 
insert into menuitem (MENUBAR_CODE, NAME, POSITION, MENUITEM_ID, LINK, ACTIVE, IMPORT_ID) values( 'AD','Core data',2,'','','Y',281); 
insert into menuitem (MENUBAR_CODE, NAME, POSITION, MENUITEM_ID, LINK, ACTIVE, IMPORT_ID) values( 'AD','Field default values',3,'241','UI0018','Y',282); 
insert into menuitem (MENUBAR_CODE, NAME, POSITION, MENUITEM_ID, LINK, ACTIVE, IMPORT_ID) values( 'AD','Organization',3,'','','Y',283); 
insert into menuitem (MENUBAR_CODE, NAME, POSITION, MENUITEM_ID, LINK, ACTIVE, IMPORT_ID) values( 'AD','Users',3,'283','UI0080','Y',284); 
insert into menuitem (MENUBAR_CODE, NAME, POSITION, MENUITEM_ID, LINK, ACTIVE, IMPORT_ID) values( 'FI','Base data',1,'4','','Y',301); 
insert into menuitem (MENUBAR_CODE, NAME, POSITION, MENUITEM_ID, LINK, ACTIVE, IMPORT_ID) values( 'FI','Def acc schema attrib.',4,'301','UI0203','N',302); 
insert into menuitem (MENUBAR_CODE, NAME, POSITION, MENUITEM_ID, LINK, ACTIVE, IMPORT_ID) values( 'AD','Dictionary translations ',4,'241','UI0024','Y',321); 
insert into menuitem (MENUBAR_CODE, NAME, POSITION, MENUITEM_ID, LINK, ACTIVE, IMPORT_ID) values( 'SL','Contract Management',2,'','','Y',341); 
insert into menuitem (MENUBAR_CODE, NAME, POSITION, MENUITEM_ID, LINK, ACTIVE, IMPORT_ID) values( 'SL','Base data',1,'341','','Y',342); 
insert into menuitem (MENUBAR_CODE, NAME, POSITION, MENUITEM_ID, LINK, ACTIVE, IMPORT_ID) values( 'FI','Accounting docs.',2,'4','','Y',361); 
insert into menuitem (MENUBAR_CODE, NAME, POSITION, MENUITEM_ID, LINK, ACTIVE, IMPORT_ID) values( 'FI','Accounting documents',1,'361','UI0206','Y',362); 
insert into menuitem (MENUBAR_CODE, NAME, POSITION, MENUITEM_ID, LINK, ACTIVE, IMPORT_ID) values( 'PJ','Project issue priorities',1,'502','UI0152','Y',482); 
insert into menuitem (MENUBAR_CODE, NAME, POSITION, MENUITEM_ID, LINK, ACTIVE, IMPORT_ID) values( 'PJ','Project issue severity',2,'502','UI0153','Y',483); 
insert into menuitem (MENUBAR_CODE, NAME, POSITION, MENUITEM_ID, LINK, ACTIVE, IMPORT_ID) values( 'PJ','Project issue status',3,'502','UI0155','Y',484); 
insert into menuitem (MENUBAR_CODE, NAME, POSITION, MENUITEM_ID, LINK, ACTIVE, IMPORT_ID) values( 'PJ','Project issue type',4,'502','UI0154','Y',485); 
insert into menuitem (MENUBAR_CODE, NAME, POSITION, MENUITEM_ID, LINK, ACTIVE, IMPORT_ID) values( 'PJ','Project status',5,'502','UI0151','Y',486); 
insert into menuitem (MENUBAR_CODE, NAME, POSITION, MENUITEM_ID, LINK, ACTIVE, IMPORT_ID) values( 'PJ','Projects',6,'','UI0150','Y',487); 
insert into menuitem (MENUBAR_CODE, NAME, POSITION, MENUITEM_ID, LINK, ACTIVE, IMPORT_ID) values( 'PJ','Project issues',7,'','UI0156','Y',488); 
insert into menuitem (MENUBAR_CODE, NAME, POSITION, MENUITEM_ID, LINK, ACTIVE, IMPORT_ID) values( 'PJ','Project component types',3,'502','UI0157','Y',501); 
insert into menuitem (MENUBAR_CODE, NAME, POSITION, MENUITEM_ID, LINK, ACTIVE, IMPORT_ID) values( 'PJ','Project base data',1,'','','Y',502); 
insert into menuitem (MENUBAR_CODE, NAME, POSITION, MENUITEM_ID, LINK, ACTIVE, IMPORT_ID) values( 'SL','Orders',5,'61','UI0041','Y',521); 
insert into menuitem (MENUBAR_CODE, NAME, POSITION, MENUITEM_ID, LINK, ACTIVE, IMPORT_ID) values( 'FI','Asset groups',3,'301','UI0042','Y',522); 
insert into menuitem (MENUBAR_CODE, NAME, POSITION, MENUITEM_ID, LINK, ACTIVE, IMPORT_ID) values( 'FI','Assets',3,'4','UI0043','Y',541); 
insert into menuitem (MENUBAR_CODE, NAME, POSITION, MENUITEM_ID, LINK, ACTIVE, IMPORT_ID) values( 'MM','Purchase orders',1,'112','UI0044','Y',561); 
insert into menuitem (MENUBAR_CODE, NAME, POSITION, MENUITEM_ID, LINK, ACTIVE, IMPORT_ID) values( 'FI','Document serial',4,'81','UI0045','Y',581); 
insert into menuitem (MENUBAR_CODE, NAME, POSITION, MENUITEM_ID, LINK, ACTIVE, IMPORT_ID) values( 'AD','Menu shortcuts',2,'3','UI0046','Y',601); 
insert into menuitem (MENUBAR_CODE, NAME, POSITION, MENUITEM_ID, LINK, ACTIVE, IMPORT_ID) values( 'AD','Roles',4,'283','UI0081','Y',621); 
insert into menuitem (MENUBAR_CODE, NAME, POSITION, MENUITEM_ID, LINK, ACTIVE, IMPORT_ID) values( 'BP','Contacts',7,'','UI0049','Y',622); 
insert into menuitem (MENUBAR_CODE, NAME, POSITION, MENUITEM_ID, LINK, ACTIVE, IMPORT_ID) values( 'MAIN','Test',99,'','_UI_TEST','N',641); 
insert into menuitem (MENUBAR_CODE, NAME, POSITION, MENUITEM_ID, LINK, ACTIVE, IMPORT_ID) values( 'AD','Access rights',3,'1','','Y',661); 
insert into menuitem (MENUBAR_CODE, NAME, POSITION, MENUITEM_ID, LINK, ACTIVE, IMPORT_ID) values( 'AD','DC  role permissions',1,'661','UI0025','Y',662); 
insert into menuitem (MENUBAR_CODE, NAME, POSITION, MENUITEM_ID, LINK, ACTIVE, IMPORT_ID) values( 'AD','User authentication log',5,'283','UI0047','Y',681); 
insert into menuitem (MENUBAR_CODE, NAME, POSITION, MENUITEM_ID, LINK, ACTIVE, IMPORT_ID) values( 'MM','Define prod. attribute groups',3,'22','UI0051','Y',701); 
insert into menuitem (MENUBAR_CODE, NAME, POSITION, MENUITEM_ID, LINK, ACTIVE, IMPORT_ID) values( 'MM','Define prod. attributes',4,'22','UI0052','Y',702); 
insert into menuitem (MENUBAR_CODE, NAME, POSITION, MENUITEM_ID, LINK, ACTIVE, IMPORT_ID) values( 'MM','Products',2,'','','Y',703); 
insert into menuitem (MENUBAR_CODE, NAME, POSITION, MENUITEM_ID, LINK, ACTIVE, IMPORT_ID) values( 'MM','Product attributes',2,'703','UI0055','Y',704); 
insert into menuitem (MENUBAR_CODE, NAME, POSITION, MENUITEM_ID, LINK, ACTIVE, IMPORT_ID) values( 'SL','Pricing',1,'','','Y',705); 
insert into menuitem (MENUBAR_CODE, NAME, POSITION, MENUITEM_ID, LINK, ACTIVE, IMPORT_ID) values( 'SL','Price levels',1,'705','UI0053','Y',706); 
insert into menuitem (MENUBAR_CODE, NAME, POSITION, MENUITEM_ID, LINK, ACTIVE, IMPORT_ID) values( 'SL','Price lists',2,'705','UI0054','Y',707); 
insert into menuitem (MENUBAR_CODE, NAME, POSITION, MENUITEM_ID, LINK, ACTIVE, IMPORT_ID) values( 'MM','Inventory',5,'','','Y',721); 
insert into menuitem (MENUBAR_CODE, NAME, POSITION, MENUITEM_ID, LINK, ACTIVE, IMPORT_ID) values( 'MM','Movements',5,'','','N',722); 
insert into menuitem (MENUBAR_CODE, NAME, POSITION, MENUITEM_ID, LINK, ACTIVE, IMPORT_ID) values( 'FI','Supplier invoice',1,'263','UI0032','Y',723); 
insert into menuitem (MENUBAR_CODE, NAME, POSITION, MENUITEM_ID, LINK, ACTIVE, IMPORT_ID) values( 'MM','Reception document',1,'721','UI0056','Y',724); 
insert into menuitem (MENUBAR_CODE, NAME, POSITION, MENUITEM_ID, LINK, ACTIVE, IMPORT_ID) values( 'MM','Reception doc types',4,'22','UI0057','Y',741); 
insert into menuitem (MENUBAR_CODE, NAME, POSITION, MENUITEM_ID, LINK, ACTIVE, IMPORT_ID) values( 'FI','Cost centers',6,'81','UI0060','Y',742); 
insert into menuitem (MENUBAR_CODE, NAME, POSITION, MENUITEM_ID, LINK, ACTIVE, IMPORT_ID) values( 'AD','Business units',1,'283','UI0058','Y',743); 
insert into menuitem (MENUBAR_CODE, NAME, POSITION, MENUITEM_ID, LINK, ACTIVE, IMPORT_ID) values( 'AD','Organizations hierarchy',2,'283','UI0059','Y',744); 
insert into menuitem (MENUBAR_CODE, NAME, POSITION, MENUITEM_ID, LINK, ACTIVE, IMPORT_ID) values( 'AD','Organization types',6,'283','UI0061','Y',745); 
insert into menuitem (MENUBAR_CODE, NAME, POSITION, MENUITEM_ID, LINK, ACTIVE, IMPORT_ID) values( 'SL','Invoicing',4,'','','Y',761); 
insert into menuitem (MENUBAR_CODE, NAME, POSITION, MENUITEM_ID, LINK, ACTIVE, IMPORT_ID) values( 'SL','Invoices',1,'761','UI0031','Y',762); 
insert into menuitem (MENUBAR_CODE, NAME, POSITION, MENUITEM_ID, LINK, ACTIVE, IMPORT_ID) values( 'MM','Organization inventory',5,'22','UI0062','Y',781); 
insert into menuitem (MENUBAR_CODE, NAME, POSITION, MENUITEM_ID, LINK, ACTIVE, IMPORT_ID) values( 'MM','Org inventory types',6,'22','UI0063','Y',782); 
insert into menuitem (MENUBAR_CODE, NAME, POSITION, MENUITEM_ID, LINK, ACTIVE, IMPORT_ID) values( 'MM','Stock location types',7,'22','UI0064','Y',801); 
insert into menuitem (MENUBAR_CODE, NAME, POSITION, MENUITEM_ID, LINK, ACTIVE, IMPORT_ID) values( 'MM','Stocks',2,'721','UI0065','Y',802); 
insert into menuitem (MENUBAR_CODE, NAME, POSITION, MENUITEM_ID, LINK, ACTIVE, IMPORT_ID) values( 'BP','Geo base data',2,'','','Y',821); 
insert into menuitem (MENUBAR_CODE, NAME, POSITION, MENUITEM_ID, LINK, ACTIVE, IMPORT_ID) values( 'BP','Countries',1,'821','UI0003','Y',822); 
insert into menuitem (MENUBAR_CODE, NAME, POSITION, MENUITEM_ID, LINK, ACTIVE, IMPORT_ID) values( 'BP','Regions',2,'821','UI0004','Y',823); 
insert into menuitem (MENUBAR_CODE, NAME, POSITION, MENUITEM_ID, LINK, ACTIVE, IMPORT_ID) values( 'BP','Cities',3,'821','UI0005','Y',824); 
insert into menuitem (MENUBAR_CODE, NAME, POSITION, MENUITEM_ID, LINK, ACTIVE, IMPORT_ID) values( 'AD','Oracle',4,'1','','Y',841); 
insert into menuitem (MENUBAR_CODE, NAME, POSITION, MENUITEM_ID, LINK, ACTIVE, IMPORT_ID) values( 'AD','Oracle sessions',1,'841','UI0082','Y',842); 
insert into menuitem (MENUBAR_CODE, NAME, POSITION, MENUITEM_ID, LINK, ACTIVE, IMPORT_ID) values( 'FI','Accounting schema',1,'863','UI0083','Y',861); 
insert into menuitem (MENUBAR_CODE, NAME, POSITION, MENUITEM_ID, LINK, ACTIVE, IMPORT_ID) values( 'FI','Accounting schema params',2,'863','UI0084','Y',862); 
insert into menuitem (MENUBAR_CODE, NAME, POSITION, MENUITEM_ID, LINK, ACTIVE, IMPORT_ID) values( 'FI','Accounting setup',1,'4','','Y',863); 
insert into menuitem (MENUBAR_CODE, NAME, POSITION, MENUITEM_ID, LINK, ACTIVE, IMPORT_ID) values( 'DT','Transport types',1,'202','UI0085','Y',881); 
insert into menuitem (MENUBAR_CODE, NAME, POSITION, MENUITEM_ID, LINK, ACTIVE, IMPORT_ID) values( 'DT','Transport status',2,'202','UI0086','Y',882); 
insert into menuitem (MENUBAR_CODE, NAME, POSITION, MENUITEM_ID, LINK, ACTIVE, IMPORT_ID) values( 'DT','Transports',2,'','','Y',901); 
insert into menuitem (MENUBAR_CODE, NAME, POSITION, MENUITEM_ID, LINK, ACTIVE, IMPORT_ID) values( 'DT','Transports',1,'901','UI0087','Y',902); 
insert into menuitem (MENUBAR_CODE, NAME, POSITION, MENUITEM_ID, LINK, ACTIVE, IMPORT_ID) values( 'DT','Means of transport',4,'202','UI0088','Y',903); 
insert into menuitem (MENUBAR_CODE, NAME, POSITION, MENUITEM_ID, LINK, ACTIVE, IMPORT_ID) values( 'DT','Means of transp. types',5,'202','UI0089','Y',904); 
insert into menuitem (MENUBAR_CODE, NAME, POSITION, MENUITEM_ID, LINK, ACTIVE, IMPORT_ID) values( 'FI','Default accounts',3,'863','UI0102','Y',921); 
insert into menuitem (MENUBAR_CODE, NAME, POSITION, MENUITEM_ID, LINK, ACTIVE, IMPORT_ID) values( 'BP','Business partner accounts',5,'','UI0103','Y',941); 
insert into menuitem (MENUBAR_CODE, NAME, POSITION, MENUITEM_ID, LINK, ACTIVE, IMPORT_ID) values( 'BP','Business partner details',6,'','UI0104','Y',942); 
insert into menuitem (MENUBAR_CODE, NAME, POSITION, MENUITEM_ID, LINK, ACTIVE, IMPORT_ID) values( 'MM','Product accounts',3,'703','UI0105','Y',943); 
insert into menuitem (MENUBAR_CODE, NAME, POSITION, MENUITEM_ID, LINK, ACTIVE, IMPORT_ID) values( 'FI','Documents serial no',5,'81','UI0106','Y',961); 
insert into menuitem (MENUBAR_CODE, NAME, POSITION, MENUITEM_ID, LINK, ACTIVE, IMPORT_ID) values( 'DT','Confirm delivery',5,'203','UI0107','Y',981); 
insert into menuitem (MENUBAR_CODE, NAME, POSITION, MENUITEM_ID, LINK, ACTIVE, IMPORT_ID) values( 'DT','Parcel return reasons',7,'202','UI0108','Y',982); 
insert into menuitem (MENUBAR_CODE, NAME, POSITION, MENUITEM_ID, LINK, ACTIVE, IMPORT_ID) values( 'DT','Return to warehouse',6,'203','UI0109','Y',983); 
insert into menuitem (MENUBAR_CODE, NAME, POSITION, MENUITEM_ID, LINK, ACTIVE, IMPORT_ID) values( 'DT','Parcel event types',8,'202','UI0110','Y',1001); 
insert into menuitem (MENUBAR_CODE, NAME, POSITION, MENUITEM_ID, LINK, ACTIVE, IMPORT_ID) values( 'DT','Allocate to agent',4,'203','UI0111','Y',1002); 
insert into menuitem (MENUBAR_CODE, NAME, POSITION, MENUITEM_ID, LINK, ACTIVE, IMPORT_ID) values( 'DT','Parcel events',9,'203','UI0112','Y',1021); 
insert into menuitem (MENUBAR_CODE, NAME, POSITION, MENUITEM_ID, LINK, ACTIVE, IMPORT_ID) values( 'DT','Reception existing',2,'203','UI0113','Y',1041); 
insert into menuitem (MENUBAR_CODE, NAME, POSITION, MENUITEM_ID, LINK, ACTIVE, IMPORT_ID) values( 'DT','Reception new',1,'203','UI0114','Y',1061); 
 update menuitem t set t.menuitem_id = (select t1.id from menuitem t1 where t1.import_id = t.menuitem_id) where t.menuitem_id is not null;
 
prompt Inserting data into menuitem_trl... 
prompt ------------------------------------
 
update menuitem_trl t set t.translation = 'System' where t.lang = 'en' and t.menuitem_id = (select t1.id from menuitem t1 where t1.import_id = 1); 
update menuitem_trl t set t.translation = 'Aplicatie' where t.lang = 'ro' and t.menuitem_id = (select t1.id from menuitem t1 where t1.import_id = 1); 
update menuitem_trl t set t.translation = 'Geo base data' where t.lang = 'en' and t.menuitem_id = (select t1.id from menuitem t1 where t1.import_id = 2); 
update menuitem_trl t set t.translation = 'Zone geografice' where t.lang = 'ro' and t.menuitem_id = (select t1.id from menuitem t1 where t1.import_id = 2); 
update menuitem_trl t set t.translation = 'Menu setup' where t.lang = 'en' and t.menuitem_id = (select t1.id from menuitem t1 where t1.import_id = 3); 
update menuitem_trl t set t.translation = 'Meniuri' where t.lang = 'ro' and t.menuitem_id = (select t1.id from menuitem t1 where t1.import_id = 3); 
update menuitem_trl t set t.translation = 'Accounting' where t.lang = 'en' and t.menuitem_id = (select t1.id from menuitem t1 where t1.import_id = 4); 
update menuitem_trl t set t.translation = 'Contabilitate' where t.lang = 'ro' and t.menuitem_id = (select t1.id from menuitem t1 where t1.import_id = 4); 
update menuitem_trl t set t.translation = 'BP Base data' where t.lang = 'en' and t.menuitem_id = (select t1.id from menuitem t1 where t1.import_id = 21); 
update menuitem_trl t set t.translation = 'Definitii' where t.lang = 'ro' and t.menuitem_id = (select t1.id from menuitem t1 where t1.import_id = 21); 
update menuitem_trl t set t.translation = 'MM Base Data' where t.lang = 'en' and t.menuitem_id = (select t1.id from menuitem t1 where t1.import_id = 22); 
update menuitem_trl t set t.translation = 'MM Definitii ' where t.lang = 'ro' and t.menuitem_id = (select t1.id from menuitem t1 where t1.import_id = 22); 
update menuitem_trl t set t.translation = 'Measuring units' where t.lang = 'en' and t.menuitem_id = (select t1.id from menuitem t1 where t1.import_id = 41); 
update menuitem_trl t set t.translation = 'Unitati de masura' where t.lang = 'ro' and t.menuitem_id = (select t1.id from menuitem t1 where t1.import_id = 41); 
update menuitem_trl t set t.translation = 'Orders Management' where t.lang = 'en' and t.menuitem_id = (select t1.id from menuitem t1 where t1.import_id = 61); 
update menuitem_trl t set t.translation = 'Comenzi client' where t.lang = 'ro' and t.menuitem_id = (select t1.id from menuitem t1 where t1.import_id = 61); 
update menuitem_trl t set t.translation = 'Base Data' where t.lang = 'en' and t.menuitem_id = (select t1.id from menuitem t1 where t1.import_id = 81); 
update menuitem_trl t set t.translation = 'Definitii' where t.lang = 'ro' and t.menuitem_id = (select t1.id from menuitem t1 where t1.import_id = 81); 
update menuitem_trl t set t.translation = 'Currency' where t.lang = 'en' and t.menuitem_id = (select t1.id from menuitem t1 where t1.import_id = 101); 
update menuitem_trl t set t.translation = 'Valute' where t.lang = 'ro' and t.menuitem_id = (select t1.id from menuitem t1 where t1.import_id = 101); 
update menuitem_trl t set t.translation = 'Countries' where t.lang = 'en' and t.menuitem_id = (select t1.id from menuitem t1 where t1.import_id = 102); 
update menuitem_trl t set t.translation = 'Tari' where t.lang = 'ro' and t.menuitem_id = (select t1.id from menuitem t1 where t1.import_id = 102); 
update menuitem_trl t set t.translation = 'Regions' where t.lang = 'en' and t.menuitem_id = (select t1.id from menuitem t1 where t1.import_id = 103); 
update menuitem_trl t set t.translation = 'Judete' where t.lang = 'ro' and t.menuitem_id = (select t1.id from menuitem t1 where t1.import_id = 103); 
update menuitem_trl t set t.translation = 'Business partner master data' where t.lang = 'en' and t.menuitem_id = (select t1.id from menuitem t1 where t1.import_id = 104); 
update menuitem_trl t set t.translation = 'Terti' where t.lang = 'ro' and t.menuitem_id = (select t1.id from menuitem t1 where t1.import_id = 104); 
update menuitem_trl t set t.translation = 'Accounts chart' where t.lang = 'en' and t.menuitem_id = (select t1.id from menuitem t1 where t1.import_id = 105); 
update menuitem_trl t set t.translation = 'Plan de conturi' where t.lang = 'ro' and t.menuitem_id = (select t1.id from menuitem t1 where t1.import_id = 105); 
update menuitem_trl t set t.translation = 'Banks' where t.lang = 'en' and t.menuitem_id = (select t1.id from menuitem t1 where t1.import_id = 106); 
update menuitem_trl t set t.translation = 'Banci' where t.lang = 'ro' and t.menuitem_id = (select t1.id from menuitem t1 where t1.import_id = 106); 
update menuitem_trl t set t.translation = 'Product categories' where t.lang = 'en' and t.menuitem_id = (select t1.id from menuitem t1 where t1.import_id = 107); 
update menuitem_trl t set t.translation = 'Categorii produse' where t.lang = 'ro' and t.menuitem_id = (select t1.id from menuitem t1 where t1.import_id = 107); 
update menuitem_trl t set t.translation = 'Contract types' where t.lang = 'en' and t.menuitem_id = (select t1.id from menuitem t1 where t1.import_id = 108); 
update menuitem_trl t set t.translation = 'Tipuri contract' where t.lang = 'ro' and t.menuitem_id = (select t1.id from menuitem t1 where t1.import_id = 108); 
update menuitem_trl t set t.translation = 'Customer contracts' where t.lang = 'en' and t.menuitem_id = (select t1.id from menuitem t1 where t1.import_id = 109); 
update menuitem_trl t set t.translation = 'Contracte client' where t.lang = 'ro' and t.menuitem_id = (select t1.id from menuitem t1 where t1.import_id = 109); 
update menuitem_trl t set t.translation = 'Contract status' where t.lang = 'en' and t.menuitem_id = (select t1.id from menuitem t1 where t1.import_id = 110); 
update menuitem_trl t set t.translation = 'Stari contract' where t.lang = 'ro' and t.menuitem_id = (select t1.id from menuitem t1 where t1.import_id = 110); 
update menuitem_trl t set t.translation = 'Exchange rates' where t.lang = 'en' and t.menuitem_id = (select t1.id from menuitem t1 where t1.import_id = 111); 
update menuitem_trl t set t.translation = 'Cursuri schimb valutar' where t.lang = 'ro' and t.menuitem_id = (select t1.id from menuitem t1 where t1.import_id = 111); 
update menuitem_trl t set t.translation = 'Purchases' where t.lang = 'en' and t.menuitem_id = (select t1.id from menuitem t1 where t1.import_id = 112); 
update menuitem_trl t set t.translation = 'Aprovizionare' where t.lang = 'ro' and t.menuitem_id = (select t1.id from menuitem t1 where t1.import_id = 112); 
update menuitem_trl t set t.translation = 'Invoice list' where t.lang = 'en' and t.menuitem_id = (select t1.id from menuitem t1 where t1.import_id = 113); 
update menuitem_trl t set t.translation = 'Raport facturi' where t.lang = 'ro' and t.menuitem_id = (select t1.id from menuitem t1 where t1.import_id = 113); 
update menuitem_trl t set t.translation = 'Menues' where t.lang = 'en' and t.menuitem_id = (select t1.id from menuitem t1 where t1.import_id = 114); 
update menuitem_trl t set t.translation = 'Menues' where t.lang = 'ro' and t.menuitem_id = (select t1.id from menuitem t1 where t1.import_id = 114); 
update menuitem_trl t set t.translation = 'Menu items' where t.lang = 'en' and t.menuitem_id = (select t1.id from menuitem t1 where t1.import_id = 115); 
update menuitem_trl t set t.translation = 'Elemente meniu' where t.lang = 'ro' and t.menuitem_id = (select t1.id from menuitem t1 where t1.import_id = 115); 
update menuitem_trl t set t.translation = 'Invoice' where t.lang = 'en' and t.menuitem_id = (select t1.id from menuitem t1 where t1.import_id = 117); 
update menuitem_trl t set t.translation = 'Facturi clienti' where t.lang = 'ro' and t.menuitem_id = (select t1.id from menuitem t1 where t1.import_id = 117); 
update menuitem_trl t set t.translation = 'Fiscal years' where t.lang = 'en' and t.menuitem_id = (select t1.id from menuitem t1 where t1.import_id = 118); 
update menuitem_trl t set t.translation = 'Ani fiscali' where t.lang = 'ro' and t.menuitem_id = (select t1.id from menuitem t1 where t1.import_id = 118); 
update menuitem_trl t set t.translation = 'Accounting periods' where t.lang = 'en' and t.menuitem_id = (select t1.id from menuitem t1 where t1.import_id = 119); 
update menuitem_trl t set t.translation = 'Perioade contabile' where t.lang = 'ro' and t.menuitem_id = (select t1.id from menuitem t1 where t1.import_id = 119); 
update menuitem_trl t set t.translation = 'User interfaces (UI)' where t.lang = 'en' and t.menuitem_id = (select t1.id from menuitem t1 where t1.import_id = 120); 
update menuitem_trl t set t.translation = 'Ecrane' where t.lang = 'ro' and t.menuitem_id = (select t1.id from menuitem t1 where t1.import_id = 120); 
update menuitem_trl t set t.translation = 'Product master-data' where t.lang = 'en' and t.menuitem_id = (select t1.id from menuitem t1 where t1.import_id = 121); 
update menuitem_trl t set t.translation = 'Definire produse' where t.lang = 'ro' and t.menuitem_id = (select t1.id from menuitem t1 where t1.import_id = 121); 
update menuitem_trl t set t.translation = 'Measuring unit types' where t.lang = 'en' and t.menuitem_id = (select t1.id from menuitem t1 where t1.import_id = 122); 
update menuitem_trl t set t.translation = 'Tipuri unitati de masura' where t.lang = 'ro' and t.menuitem_id = (select t1.id from menuitem t1 where t1.import_id = 122); 
update menuitem_trl t set t.translation = 'Measuring units' where t.lang = 'en' and t.menuitem_id = (select t1.id from menuitem t1 where t1.import_id = 123); 
update menuitem_trl t set t.translation = 'Unitati de masura' where t.lang = 'ro' and t.menuitem_id = (select t1.id from menuitem t1 where t1.import_id = 123); 
update menuitem_trl t set t.translation = 'Units conversion' where t.lang = 'en' and t.menuitem_id = (select t1.id from menuitem t1 where t1.import_id = 124); 
update menuitem_trl t set t.translation = 'Conversii unit. masura' where t.lang = 'ro' and t.menuitem_id = (select t1.id from menuitem t1 where t1.import_id = 124); 
update menuitem_trl t set t.translation = 'Test' where t.lang = 'en' and t.menuitem_id = (select t1.id from menuitem t1 where t1.import_id = 141); 
update menuitem_trl t set t.translation = 'Test' where t.lang = 'ro' and t.menuitem_id = (select t1.id from menuitem t1 where t1.import_id = 141); 
update menuitem_trl t set t.translation = 'Bank agencies' where t.lang = 'en' and t.menuitem_id = (select t1.id from menuitem t1 where t1.import_id = 161); 
update menuitem_trl t set t.translation = 'Agentii bancare' where t.lang = 'ro' and t.menuitem_id = (select t1.id from menuitem t1 where t1.import_id = 161); 
update menuitem_trl t set t.translation = 'Cities' where t.lang = 'en' and t.menuitem_id = (select t1.id from menuitem t1 where t1.import_id = 162); 
update menuitem_trl t set t.translation = 'Localitati' where t.lang = 'ro' and t.menuitem_id = (select t1.id from menuitem t1 where t1.import_id = 162); 
update menuitem_trl t set t.translation = 'Streets' where t.lang = 'en' and t.menuitem_id = (select t1.id from menuitem t1 where t1.import_id = 181); 
update menuitem_trl t set t.translation = 'Strazi' where t.lang = 'ro' and t.menuitem_id = (select t1.id from menuitem t1 where t1.import_id = 181); 
update menuitem_trl t set t.translation = 'Base data' where t.lang = 'en' and t.menuitem_id = (select t1.id from menuitem t1 where t1.import_id = 202); 
update menuitem_trl t set t.translation = 'Definitii' where t.lang = 'ro' and t.menuitem_id = (select t1.id from menuitem t1 where t1.import_id = 202); 
update menuitem_trl t set t.translation = 'Parcel Management' where t.lang = 'en' and t.menuitem_id = (select t1.id from menuitem t1 where t1.import_id = 203); 
update menuitem_trl t set t.translation = 'Colete' where t.lang = 'ro' and t.menuitem_id = (select t1.id from menuitem t1 where t1.import_id = 203); 
update menuitem_trl t set t.translation = 'Parcel Master data' where t.lang = 'en' and t.menuitem_id = (select t1.id from menuitem t1 where t1.import_id = 204); 
update menuitem_trl t set t.translation = 'Colete' where t.lang = 'ro' and t.menuitem_id = (select t1.id from menuitem t1 where t1.import_id = 204); 
update menuitem_trl t set t.translation = 'Tasks' where t.lang = 'en' and t.menuitem_id = (select t1.id from menuitem t1 where t1.import_id = 221); 
update menuitem_trl t set t.translation = 'Activitati' where t.lang = 'ro' and t.menuitem_id = (select t1.id from menuitem t1 where t1.import_id = 221); 
update menuitem_trl t set t.translation = 'UI components' where t.lang = 'en' and t.menuitem_id = (select t1.id from menuitem t1 where t1.import_id = 241); 
update menuitem_trl t set t.translation = 'Componente' where t.lang = 'ro' and t.menuitem_id = (select t1.id from menuitem t1 where t1.import_id = 241); 
update menuitem_trl t set t.translation = 'Lists of values (LOV)' where t.lang = 'en' and t.menuitem_id = (select t1.id from menuitem t1 where t1.import_id = 242); 
update menuitem_trl t set t.translation = 'Liste de selectie  (LOV)' where t.lang = 'ro' and t.menuitem_id = (select t1.id from menuitem t1 where t1.import_id = 242); 
update menuitem_trl t set t.translation = 'Supplier invoice' where t.lang = 'en' and t.menuitem_id = (select t1.id from menuitem t1 where t1.import_id = 243); 
update menuitem_trl t set t.translation = 'Facturi furnizor' where t.lang = 'ro' and t.menuitem_id = (select t1.id from menuitem t1 where t1.import_id = 243); 
update menuitem_trl t set t.translation = 'Payment doc. types' where t.lang = 'en' and t.menuitem_id = (select t1.id from menuitem t1 where t1.import_id = 261); 
update menuitem_trl t set t.translation = 'Tipuri doc. plata' where t.lang = 'ro' and t.menuitem_id = (select t1.id from menuitem t1 where t1.import_id = 261); 
update menuitem_trl t set t.translation = 'Invoice doc. types' where t.lang = 'en' and t.menuitem_id = (select t1.id from menuitem t1 where t1.import_id = 262); 
update menuitem_trl t set t.translation = 'Tipuri facturi' where t.lang = 'ro' and t.menuitem_id = (select t1.id from menuitem t1 where t1.import_id = 262); 
update menuitem_trl t set t.translation = 'Payables' where t.lang = 'en' and t.menuitem_id = (select t1.id from menuitem t1 where t1.import_id = 263); 
update menuitem_trl t set t.translation = 'Datorii' where t.lang = 'ro' and t.menuitem_id = (select t1.id from menuitem t1 where t1.import_id = 263); 
update menuitem_trl t set t.translation = 'Receivables' where t.lang = 'en' and t.menuitem_id = (select t1.id from menuitem t1 where t1.import_id = 264); 
update menuitem_trl t set t.translation = 'Creante' where t.lang = 'ro' and t.menuitem_id = (select t1.id from menuitem t1 where t1.import_id = 264); 
update menuitem_trl t set t.translation = 'Payments - Payables' where t.lang = 'en' and t.menuitem_id = (select t1.id from menuitem t1 where t1.import_id = 265); 
update menuitem_trl t set t.translation = 'Plati' where t.lang = 'ro' and t.menuitem_id = (select t1.id from menuitem t1 where t1.import_id = 265); 
update menuitem_trl t set t.translation = 'Core data' where t.lang = 'en' and t.menuitem_id = (select t1.id from menuitem t1 where t1.import_id = 281); 
update menuitem_trl t set t.translation = 'Date de baza' where t.lang = 'ro' and t.menuitem_id = (select t1.id from menuitem t1 where t1.import_id = 281); 
update menuitem_trl t set t.translation = 'Field default values' where t.lang = 'en' and t.menuitem_id = (select t1.id from menuitem t1 where t1.import_id = 282); 
update menuitem_trl t set t.translation = 'Initializare cimpuri UI' where t.lang = 'ro' and t.menuitem_id = (select t1.id from menuitem t1 where t1.import_id = 282); 
update menuitem_trl t set t.translation = 'Organization' where t.lang = 'en' and t.menuitem_id = (select t1.id from menuitem t1 where t1.import_id = 283); 
update menuitem_trl t set t.translation = 'Organizare' where t.lang = 'ro' and t.menuitem_id = (select t1.id from menuitem t1 where t1.import_id = 283); 
update menuitem_trl t set t.translation = 'Users' where t.lang = 'en' and t.menuitem_id = (select t1.id from menuitem t1 where t1.import_id = 284); 
update menuitem_trl t set t.translation = 'Utilizatori' where t.lang = 'ro' and t.menuitem_id = (select t1.id from menuitem t1 where t1.import_id = 284); 
update menuitem_trl t set t.translation = 'Base data' where t.lang = 'en' and t.menuitem_id = (select t1.id from menuitem t1 where t1.import_id = 301); 
update menuitem_trl t set t.translation = 'Definitii' where t.lang = 'ro' and t.menuitem_id = (select t1.id from menuitem t1 where t1.import_id = 301); 
update menuitem_trl t set t.translation = 'Def acc schema attrib.' where t.lang = 'en' and t.menuitem_id = (select t1.id from menuitem t1 where t1.import_id = 302); 
update menuitem_trl t set t.translation = 'Def atribute scheme contab' where t.lang = 'ro' and t.menuitem_id = (select t1.id from menuitem t1 where t1.import_id = 302); 
update menuitem_trl t set t.translation = 'Dictionary translations ' where t.lang = 'en' and t.menuitem_id = (select t1.id from menuitem t1 where t1.import_id = 321); 
update menuitem_trl t set t.translation = 'Traduceri dictionar UI' where t.lang = 'ro' and t.menuitem_id = (select t1.id from menuitem t1 where t1.import_id = 321); 
update menuitem_trl t set t.translation = 'Contract Management' where t.lang = 'en' and t.menuitem_id = (select t1.id from menuitem t1 where t1.import_id = 341); 
update menuitem_trl t set t.translation = 'Contracte client' where t.lang = 'ro' and t.menuitem_id = (select t1.id from menuitem t1 where t1.import_id = 341); 
update menuitem_trl t set t.translation = 'Base data' where t.lang = 'en' and t.menuitem_id = (select t1.id from menuitem t1 where t1.import_id = 342); 
update menuitem_trl t set t.translation = 'Definitii' where t.lang = 'ro' and t.menuitem_id = (select t1.id from menuitem t1 where t1.import_id = 342); 
update menuitem_trl t set t.translation = 'Accounting docs.' where t.lang = 'en' and t.menuitem_id = (select t1.id from menuitem t1 where t1.import_id = 361); 
update menuitem_trl t set t.translation = 'Note contabile' where t.lang = 'ro' and t.menuitem_id = (select t1.id from menuitem t1 where t1.import_id = 361); 
update menuitem_trl t set t.translation = 'Accounting documents' where t.lang = 'en' and t.menuitem_id = (select t1.id from menuitem t1 where t1.import_id = 362); 
update menuitem_trl t set t.translation = 'Note contabile' where t.lang = 'ro' and t.menuitem_id = (select t1.id from menuitem t1 where t1.import_id = 362); 
update menuitem_trl t set t.translation = 'Issue priorities' where t.lang = 'en' and t.menuitem_id = (select t1.id from menuitem t1 where t1.import_id = 482); 
update menuitem_trl t set t.translation = 'Prioritati incident' where t.lang = 'ro' and t.menuitem_id = (select t1.id from menuitem t1 where t1.import_id = 482); 
update menuitem_trl t set t.translation = 'Issue severity' where t.lang = 'en' and t.menuitem_id = (select t1.id from menuitem t1 where t1.import_id = 483); 
update menuitem_trl t set t.translation = 'Gravitate incident' where t.lang = 'ro' and t.menuitem_id = (select t1.id from menuitem t1 where t1.import_id = 483); 
update menuitem_trl t set t.translation = 'Issue status' where t.lang = 'en' and t.menuitem_id = (select t1.id from menuitem t1 where t1.import_id = 484); 
update menuitem_trl t set t.translation = 'Stari incident' where t.lang = 'ro' and t.menuitem_id = (select t1.id from menuitem t1 where t1.import_id = 484); 
update menuitem_trl t set t.translation = 'Issue types' where t.lang = 'en' and t.menuitem_id = (select t1.id from menuitem t1 where t1.import_id = 485); 
update menuitem_trl t set t.translation = 'Tipuri incident' where t.lang = 'ro' and t.menuitem_id = (select t1.id from menuitem t1 where t1.import_id = 485); 
update menuitem_trl t set t.translation = 'Project status' where t.lang = 'en' and t.menuitem_id = (select t1.id from menuitem t1 where t1.import_id = 486); 
update menuitem_trl t set t.translation = 'Stari proiect' where t.lang = 'ro' and t.menuitem_id = (select t1.id from menuitem t1 where t1.import_id = 486); 
update menuitem_trl t set t.translation = 'Projects' where t.lang = 'en' and t.menuitem_id = (select t1.id from menuitem t1 where t1.import_id = 487); 
update menuitem_trl t set t.translation = 'Proiecte' where t.lang = 'ro' and t.menuitem_id = (select t1.id from menuitem t1 where t1.import_id = 487); 
update menuitem_trl t set t.translation = 'Project issues' where t.lang = 'en' and t.menuitem_id = (select t1.id from menuitem t1 where t1.import_id = 488); 
update menuitem_trl t set t.translation = 'Incidente proiect' where t.lang = 'ro' and t.menuitem_id = (select t1.id from menuitem t1 where t1.import_id = 488); 
update menuitem_trl t set t.translation = 'Project component types' where t.lang = 'en' and t.menuitem_id = (select t1.id from menuitem t1 where t1.import_id = 501); 
update menuitem_trl t set t.translation = 'Tipuri componente proiect' where t.lang = 'ro' and t.menuitem_id = (select t1.id from menuitem t1 where t1.import_id = 501); 
update menuitem_trl t set t.translation = 'Project base data' where t.lang = 'en' and t.menuitem_id = (select t1.id from menuitem t1 where t1.import_id = 502); 
update menuitem_trl t set t.translation = 'Definitii' where t.lang = 'ro' and t.menuitem_id = (select t1.id from menuitem t1 where t1.import_id = 502); 
update menuitem_trl t set t.translation = 'Orders' where t.lang = 'en' and t.menuitem_id = (select t1.id from menuitem t1 where t1.import_id = 521); 
update menuitem_trl t set t.translation = 'Comenzi client' where t.lang = 'ro' and t.menuitem_id = (select t1.id from menuitem t1 where t1.import_id = 521); 
update menuitem_trl t set t.translation = 'Asset groups' where t.lang = 'en' and t.menuitem_id = (select t1.id from menuitem t1 where t1.import_id = 522); 
update menuitem_trl t set t.translation = 'Clase obiecte' where t.lang = 'ro' and t.menuitem_id = (select t1.id from menuitem t1 where t1.import_id = 522); 
update menuitem_trl t set t.translation = 'Assets' where t.lang = 'en' and t.menuitem_id = (select t1.id from menuitem t1 where t1.import_id = 541); 
update menuitem_trl t set t.translation = 'Obiecte' where t.lang = 'ro' and t.menuitem_id = (select t1.id from menuitem t1 where t1.import_id = 541); 
update menuitem_trl t set t.translation = 'Purchase orders' where t.lang = 'en' and t.menuitem_id = (select t1.id from menuitem t1 where t1.import_id = 561); 
update menuitem_trl t set t.translation = 'Comenzi furnizor' where t.lang = 'ro' and t.menuitem_id = (select t1.id from menuitem t1 where t1.import_id = 561); 
update menuitem_trl t set t.translation = 'Document serial' where t.lang = 'en' and t.menuitem_id = (select t1.id from menuitem t1 where t1.import_id = 581); 
update menuitem_trl t set t.translation = 'Serii documente' where t.lang = 'ro' and t.menuitem_id = (select t1.id from menuitem t1 where t1.import_id = 581); 
update menuitem_trl t set t.translation = 'Menu shortcuts' where t.lang = 'en' and t.menuitem_id = (select t1.id from menuitem t1 where t1.import_id = 601); 
update menuitem_trl t set t.translation = 'Meniuri personale' where t.lang = 'ro' and t.menuitem_id = (select t1.id from menuitem t1 where t1.import_id = 601); 
update menuitem_trl t set t.translation = 'Roles' where t.lang = 'en' and t.menuitem_id = (select t1.id from menuitem t1 where t1.import_id = 621); 
update menuitem_trl t set t.translation = 'Roluri' where t.lang = 'ro' and t.menuitem_id = (select t1.id from menuitem t1 where t1.import_id = 621); 
update menuitem_trl t set t.translation = 'Contacts' where t.lang = 'en' and t.menuitem_id = (select t1.id from menuitem t1 where t1.import_id = 622); 
update menuitem_trl t set t.translation = 'Persoane de contact' where t.lang = 'ro' and t.menuitem_id = (select t1.id from menuitem t1 where t1.import_id = 622); 
update menuitem_trl t set t.translation = 'Test' where t.lang = 'en' and t.menuitem_id = (select t1.id from menuitem t1 where t1.import_id = 641); 
update menuitem_trl t set t.translation = 'Test' where t.lang = 'ro' and t.menuitem_id = (select t1.id from menuitem t1 where t1.import_id = 641); 
update menuitem_trl t set t.translation = 'Access rights' where t.lang = 'en' and t.menuitem_id = (select t1.id from menuitem t1 where t1.import_id = 661); 
update menuitem_trl t set t.translation = 'Drepturi de acces' where t.lang = 'ro' and t.menuitem_id = (select t1.id from menuitem t1 where t1.import_id = 661); 
update menuitem_trl t set t.translation = 'DC  role permissions' where t.lang = 'en' and t.menuitem_id = (select t1.id from menuitem t1 where t1.import_id = 662); 
update menuitem_trl t set t.translation = 'Drepturi acces rol' where t.lang = 'ro' and t.menuitem_id = (select t1.id from menuitem t1 where t1.import_id = 662); 
update menuitem_trl t set t.translation = 'User authentication log' where t.lang = 'en' and t.menuitem_id = (select t1.id from menuitem t1 where t1.import_id = 681); 
update menuitem_trl t set t.translation = 'Audit autentificare utilizator' where t.lang = 'ro' and t.menuitem_id = (select t1.id from menuitem t1 where t1.import_id = 681); 
update menuitem_trl t set t.translation = 'Define prod. attribute groups' where t.lang = 'en' and t.menuitem_id = (select t1.id from menuitem t1 where t1.import_id = 701); 
update menuitem_trl t set t.translation = 'Definire grupuri atribute prod.' where t.lang = 'ro' and t.menuitem_id = (select t1.id from menuitem t1 where t1.import_id = 701); 
update menuitem_trl t set t.translation = 'Define prod. attributes' where t.lang = 'en' and t.menuitem_id = (select t1.id from menuitem t1 where t1.import_id = 702); 
update menuitem_trl t set t.translation = 'Definire atribute prod.' where t.lang = 'ro' and t.menuitem_id = (select t1.id from menuitem t1 where t1.import_id = 702); 
update menuitem_trl t set t.translation = 'Products' where t.lang = 'en' and t.menuitem_id = (select t1.id from menuitem t1 where t1.import_id = 703); 
update menuitem_trl t set t.translation = 'Produse' where t.lang = 'ro' and t.menuitem_id = (select t1.id from menuitem t1 where t1.import_id = 703); 
update menuitem_trl t set t.translation = 'Product attributes' where t.lang = 'en' and t.menuitem_id = (select t1.id from menuitem t1 where t1.import_id = 704); 
update menuitem_trl t set t.translation = 'Atribute produs' where t.lang = 'ro' and t.menuitem_id = (select t1.id from menuitem t1 where t1.import_id = 704); 
update menuitem_trl t set t.translation = 'Pricing' where t.lang = 'en' and t.menuitem_id = (select t1.id from menuitem t1 where t1.import_id = 705); 
update menuitem_trl t set t.translation = 'Preturi' where t.lang = 'ro' and t.menuitem_id = (select t1.id from menuitem t1 where t1.import_id = 705); 
update menuitem_trl t set t.translation = 'Price levels' where t.lang = 'en' and t.menuitem_id = (select t1.id from menuitem t1 where t1.import_id = 706); 
update menuitem_trl t set t.translation = 'Niveluri pret' where t.lang = 'ro' and t.menuitem_id = (select t1.id from menuitem t1 where t1.import_id = 706); 
update menuitem_trl t set t.translation = 'Price lists' where t.lang = 'en' and t.menuitem_id = (select t1.id from menuitem t1 where t1.import_id = 707); 
update menuitem_trl t set t.translation = 'Liste preturi' where t.lang = 'ro' and t.menuitem_id = (select t1.id from menuitem t1 where t1.import_id = 707); 
update menuitem_trl t set t.translation = 'Inventory' where t.lang = 'en' and t.menuitem_id = (select t1.id from menuitem t1 where t1.import_id = 721); 
update menuitem_trl t set t.translation = 'Stocuri' where t.lang = 'ro' and t.menuitem_id = (select t1.id from menuitem t1 where t1.import_id = 721); 
update menuitem_trl t set t.translation = 'Movements' where t.lang = 'en' and t.menuitem_id = (select t1.id from menuitem t1 where t1.import_id = 722); 
update menuitem_trl t set t.translation = 'Miscari' where t.lang = 'ro' and t.menuitem_id = (select t1.id from menuitem t1 where t1.import_id = 722); 
update menuitem_trl t set t.translation = 'Supplier invoice' where t.lang = 'en' and t.menuitem_id = (select t1.id from menuitem t1 where t1.import_id = 723); 
update menuitem_trl t set t.translation = 'Facturi furnizor' where t.lang = 'ro' and t.menuitem_id = (select t1.id from menuitem t1 where t1.import_id = 723); 
update menuitem_trl t set t.translation = 'Reception document' where t.lang = 'en' and t.menuitem_id = (select t1.id from menuitem t1 where t1.import_id = 724); 
update menuitem_trl t set t.translation = 'Note de receptie' where t.lang = 'ro' and t.menuitem_id = (select t1.id from menuitem t1 where t1.import_id = 724); 
update menuitem_trl t set t.translation = 'Reception doc types' where t.lang = 'en' and t.menuitem_id = (select t1.id from menuitem t1 where t1.import_id = 741); 
update menuitem_trl t set t.translation = 'Tipuri doc. receptie' where t.lang = 'ro' and t.menuitem_id = (select t1.id from menuitem t1 where t1.import_id = 741); 
update menuitem_trl t set t.translation = 'Cost centers' where t.lang = 'en' and t.menuitem_id = (select t1.id from menuitem t1 where t1.import_id = 742); 
update menuitem_trl t set t.translation = 'Centre de cost' where t.lang = 'ro' and t.menuitem_id = (select t1.id from menuitem t1 where t1.import_id = 742); 
update menuitem_trl t set t.translation = 'Business units' where t.lang = 'en' and t.menuitem_id = (select t1.id from menuitem t1 where t1.import_id = 743); 
update menuitem_trl t set t.translation = 'Unitati contabile' where t.lang = 'ro' and t.menuitem_id = (select t1.id from menuitem t1 where t1.import_id = 743); 
update menuitem_trl t set t.translation = 'Organizations hierarchy' where t.lang = 'en' and t.menuitem_id = (select t1.id from menuitem t1 where t1.import_id = 744); 
update menuitem_trl t set t.translation = 'Organizatii unitate' where t.lang = 'ro' and t.menuitem_id = (select t1.id from menuitem t1 where t1.import_id = 744); 
update menuitem_trl t set t.translation = 'Organization types' where t.lang = 'en' and t.menuitem_id = (select t1.id from menuitem t1 where t1.import_id = 745); 
update menuitem_trl t set t.translation = 'Tipuri organizatii' where t.lang = 'ro' and t.menuitem_id = (select t1.id from menuitem t1 where t1.import_id = 745); 
update menuitem_trl t set t.translation = 'Invoicing' where t.lang = 'en' and t.menuitem_id = (select t1.id from menuitem t1 where t1.import_id = 761); 
update menuitem_trl t set t.translation = 'Facturare' where t.lang = 'ro' and t.menuitem_id = (select t1.id from menuitem t1 where t1.import_id = 761); 
update menuitem_trl t set t.translation = 'Invoices' where t.lang = 'en' and t.menuitem_id = (select t1.id from menuitem t1 where t1.import_id = 762); 
update menuitem_trl t set t.translation = 'Facturi' where t.lang = 'ro' and t.menuitem_id = (select t1.id from menuitem t1 where t1.import_id = 762); 
update menuitem_trl t set t.translation = 'Organization inventory' where t.lang = 'en' and t.menuitem_id = (select t1.id from menuitem t1 where t1.import_id = 781); 
update menuitem_trl t set t.translation = 'Gestiuni' where t.lang = 'ro' and t.menuitem_id = (select t1.id from menuitem t1 where t1.import_id = 781); 
update menuitem_trl t set t.translation = 'Org inventory types' where t.lang = 'en' and t.menuitem_id = (select t1.id from menuitem t1 where t1.import_id = 782); 
update menuitem_trl t set t.translation = 'Tipuri gestiune' where t.lang = 'ro' and t.menuitem_id = (select t1.id from menuitem t1 where t1.import_id = 782); 
update menuitem_trl t set t.translation = 'Stock location types' where t.lang = 'en' and t.menuitem_id = (select t1.id from menuitem t1 where t1.import_id = 801); 
update menuitem_trl t set t.translation = 'Tipuri locatii gestiune' where t.lang = 'ro' and t.menuitem_id = (select t1.id from menuitem t1 where t1.import_id = 801); 
update menuitem_trl t set t.translation = 'Stocks' where t.lang = 'en' and t.menuitem_id = (select t1.id from menuitem t1 where t1.import_id = 802); 
update menuitem_trl t set t.translation = 'Stocuri' where t.lang = 'ro' and t.menuitem_id = (select t1.id from menuitem t1 where t1.import_id = 802); 
update menuitem_trl t set t.translation = 'Geo base data' where t.lang = 'en' and t.menuitem_id = (select t1.id from menuitem t1 where t1.import_id = 821); 
update menuitem_trl t set t.translation = 'Zone geografice' where t.lang = 'ro' and t.menuitem_id = (select t1.id from menuitem t1 where t1.import_id = 821); 
update menuitem_trl t set t.translation = 'Countries' where t.lang = 'en' and t.menuitem_id = (select t1.id from menuitem t1 where t1.import_id = 822); 
update menuitem_trl t set t.translation = 'Tari' where t.lang = 'ro' and t.menuitem_id = (select t1.id from menuitem t1 where t1.import_id = 822); 
update menuitem_trl t set t.translation = 'Regions' where t.lang = 'en' and t.menuitem_id = (select t1.id from menuitem t1 where t1.import_id = 823); 
update menuitem_trl t set t.translation = 'Judete' where t.lang = 'ro' and t.menuitem_id = (select t1.id from menuitem t1 where t1.import_id = 823); 
update menuitem_trl t set t.translation = 'Cities' where t.lang = 'en' and t.menuitem_id = (select t1.id from menuitem t1 where t1.import_id = 824); 
update menuitem_trl t set t.translation = 'Localitati' where t.lang = 'ro' and t.menuitem_id = (select t1.id from menuitem t1 where t1.import_id = 824); 
update menuitem_trl t set t.translation = 'Oracle' where t.lang = 'en' and t.menuitem_id = (select t1.id from menuitem t1 where t1.import_id = 841); 
update menuitem_trl t set t.translation = 'Oracle' where t.lang = 'ro' and t.menuitem_id = (select t1.id from menuitem t1 where t1.import_id = 841); 
update menuitem_trl t set t.translation = 'Oracle sessions' where t.lang = 'en' and t.menuitem_id = (select t1.id from menuitem t1 where t1.import_id = 842); 
update menuitem_trl t set t.translation = 'Sesiuni oracle' where t.lang = 'ro' and t.menuitem_id = (select t1.id from menuitem t1 where t1.import_id = 842); 
update menuitem_trl t set t.translation = 'Accounting schema' where t.lang = 'en' and t.menuitem_id = (select t1.id from menuitem t1 where t1.import_id = 861); 
update menuitem_trl t set t.translation = 'Sisteme contabile' where t.lang = 'ro' and t.menuitem_id = (select t1.id from menuitem t1 where t1.import_id = 861); 
update menuitem_trl t set t.translation = 'Accounting schema param' where t.lang = 'en' and t.menuitem_id = (select t1.id from menuitem t1 where t1.import_id = 862); 
update menuitem_trl t set t.translation = 'Parametrii sistem contabil' where t.lang = 'ro' and t.menuitem_id = (select t1.id from menuitem t1 where t1.import_id = 862); 
update menuitem_trl t set t.translation = 'Accounting setup' where t.lang = 'en' and t.menuitem_id = (select t1.id from menuitem t1 where t1.import_id = 863); 
update menuitem_trl t set t.translation = 'Initilizare ' where t.lang = 'ro' and t.menuitem_id = (select t1.id from menuitem t1 where t1.import_id = 863); 
update menuitem_trl t set t.translation = 'Transport types' where t.lang = 'en' and t.menuitem_id = (select t1.id from menuitem t1 where t1.import_id = 881); 
update menuitem_trl t set t.translation = 'Tipuri transport' where t.lang = 'ro' and t.menuitem_id = (select t1.id from menuitem t1 where t1.import_id = 881); 
update menuitem_trl t set t.translation = 'Transport status' where t.lang = 'en' and t.menuitem_id = (select t1.id from menuitem t1 where t1.import_id = 882); 
update menuitem_trl t set t.translation = 'Stari transport' where t.lang = 'ro' and t.menuitem_id = (select t1.id from menuitem t1 where t1.import_id = 882); 
update menuitem_trl t set t.translation = 'Transports' where t.lang = 'en' and t.menuitem_id = (select t1.id from menuitem t1 where t1.import_id = 901); 
update menuitem_trl t set t.translation = 'Transporturi' where t.lang = 'ro' and t.menuitem_id = (select t1.id from menuitem t1 where t1.import_id = 901); 
update menuitem_trl t set t.translation = 'Transports' where t.lang = 'en' and t.menuitem_id = (select t1.id from menuitem t1 where t1.import_id = 902); 
update menuitem_trl t set t.translation = 'Transporturi' where t.lang = 'ro' and t.menuitem_id = (select t1.id from menuitem t1 where t1.import_id = 902); 
update menuitem_trl t set t.translation = 'Means of transport' where t.lang = 'en' and t.menuitem_id = (select t1.id from menuitem t1 where t1.import_id = 903); 
update menuitem_trl t set t.translation = 'Mijloace de transport' where t.lang = 'ro' and t.menuitem_id = (select t1.id from menuitem t1 where t1.import_id = 903); 
update menuitem_trl t set t.translation = 'Means of transp. types' where t.lang = 'en' and t.menuitem_id = (select t1.id from menuitem t1 where t1.import_id = 904); 
update menuitem_trl t set t.translation = 'Tipuri mijloace transport' where t.lang = 'ro' and t.menuitem_id = (select t1.id from menuitem t1 where t1.import_id = 904); 
update menuitem_trl t set t.translation = 'Default accounts' where t.lang = 'en' and t.menuitem_id = (select t1.id from menuitem t1 where t1.import_id = 921); 
update menuitem_trl t set t.translation = 'Conturi implicite' where t.lang = 'ro' and t.menuitem_id = (select t1.id from menuitem t1 where t1.import_id = 921); 
update menuitem_trl t set t.translation = 'Business partner accounts' where t.lang = 'en' and t.menuitem_id = (select t1.id from menuitem t1 where t1.import_id = 941); 
update menuitem_trl t set t.translation = 'Conturi tert' where t.lang = 'ro' and t.menuitem_id = (select t1.id from menuitem t1 where t1.import_id = 941); 
update menuitem_trl t set t.translation = 'Business partner details' where t.lang = 'en' and t.menuitem_id = (select t1.id from menuitem t1 where t1.import_id = 942); 
update menuitem_trl t set t.translation = 'Detalii tert' where t.lang = 'ro' and t.menuitem_id = (select t1.id from menuitem t1 where t1.import_id = 942); 
update menuitem_trl t set t.translation = 'Product accounts' where t.lang = 'en' and t.menuitem_id = (select t1.id from menuitem t1 where t1.import_id = 943); 
update menuitem_trl t set t.translation = 'Conturi produs' where t.lang = 'ro' and t.menuitem_id = (select t1.id from menuitem t1 where t1.import_id = 943); 
update menuitem_trl t set t.translation = 'Documents serial no' where t.lang = 'en' and t.menuitem_id = (select t1.id from menuitem t1 where t1.import_id = 961); 
update menuitem_trl t set t.translation = 'Alocari numere serie' where t.lang = 'ro' and t.menuitem_id = (select t1.id from menuitem t1 where t1.import_id = 961); 
update menuitem_trl t set t.translation = 'Confirm delivery' where t.lang = 'en' and t.menuitem_id = (select t1.id from menuitem t1 where t1.import_id = 981); 
update menuitem_trl t set t.translation = 'Confirmare livrare' where t.lang = 'ro' and t.menuitem_id = (select t1.id from menuitem t1 where t1.import_id = 981); 
update menuitem_trl t set t.translation = 'Parcel return reasons' where t.lang = 'en' and t.menuitem_id = (select t1.id from menuitem t1 where t1.import_id = 982); 
update menuitem_trl t set t.translation = 'Motive refuz colet' where t.lang = 'ro' and t.menuitem_id = (select t1.id from menuitem t1 where t1.import_id = 982); 
update menuitem_trl t set t.translation = 'Return to warehouse' where t.lang = 'en' and t.menuitem_id = (select t1.id from menuitem t1 where t1.import_id = 983); 
update menuitem_trl t set t.translation = 'Retur la depozit' where t.lang = 'ro' and t.menuitem_id = (select t1.id from menuitem t1 where t1.import_id = 983); 
update menuitem_trl t set t.translation = 'Parcel event types' where t.lang = 'en' and t.menuitem_id = (select t1.id from menuitem t1 where t1.import_id = 1001); 
update menuitem_trl t set t.translation = 'Tipuri evenimente' where t.lang = 'ro' and t.menuitem_id = (select t1.id from menuitem t1 where t1.import_id = 1001); 
update menuitem_trl t set t.translation = 'Allocate to agent' where t.lang = 'en' and t.menuitem_id = (select t1.id from menuitem t1 where t1.import_id = 1002); 
update menuitem_trl t set t.translation = 'Alocare curier' where t.lang = 'ro' and t.menuitem_id = (select t1.id from menuitem t1 where t1.import_id = 1002); 
update menuitem_trl t set t.translation = 'Parcel events' where t.lang = 'en' and t.menuitem_id = (select t1.id from menuitem t1 where t1.import_id = 1021); 
update menuitem_trl t set t.translation = 'Evenimente colet' where t.lang = 'ro' and t.menuitem_id = (select t1.id from menuitem t1 where t1.import_id = 1021); 
update menuitem_trl t set t.translation = 'Reception existing' where t.lang = 'en' and t.menuitem_id = (select t1.id from menuitem t1 where t1.import_id = 1041); 
update menuitem_trl t set t.translation = 'Receptie existent' where t.lang = 'ro' and t.menuitem_id = (select t1.id from menuitem t1 where t1.import_id = 1041); 
update menuitem_trl t set t.translation = 'Reception new' where t.lang = 'en' and t.menuitem_id = (select t1.id from menuitem t1 where t1.import_id = 1061); 
update menuitem_trl t set t.translation = 'Receptie nou' where t.lang = 'ro' and t.menuitem_id = (select t1.id from menuitem t1 where t1.import_id = 1061); 
 
prompt Inserting data into server_message... 
prompt ------------------------------------
 
insert into server_message (CODE) values( 'CantInsertedNewInv'); 
insert into server_message (CODE) values( 'CantPostNewInv'); 
insert into server_message (CODE) values( 'CantPrintedNewInv'); 
insert into server_message (CODE) values( 'CantUpdPostedDoc'); 
insert into server_message (CODE) values( 'DocAmountsMismatch'); 
insert into server_message (CODE) values( 'DocHasNoLines'); 
insert into server_message (CODE) values( 'InvalidAccDocLinNo'); 
insert into server_message (CODE) values( 'InvalidAccDocLinNoCr'); 
insert into server_message (CODE) values( 'InvalidAccDocLinNoDb'); 
insert into server_message (CODE) values( 'InvlidDateForPeriod'); 
insert into server_message (CODE) values( 'MultiCDAccDocError'); 
insert into server_message (CODE) values( 'NoDefaultAccountingSchemaForClient'); 
insert into server_message (CODE) values( 'NoOperationOnClosedAccPeriod'); 
insert into server_message (CODE) values( 'NoPaymSrcAcctOnPayment'); 
insert into server_message (CODE) values( 'NoPrepayAcctOnPayment'); 
insert into server_message (CODE) values( 'NoRevenueAcctOnInvoice'); 
insert into server_message (CODE) values( 'NoSalesAcctOnInvLine'); 
 
prompt Inserting data into server_message_trl... 
prompt ------------------------------------
 
update server_message_trl set TRANSLATION =  'Cannot mark <Inserted> a document in this stage. Save the data then set the <Inserted> flag ' where SRVMSG_CODE = 'CantInsertedNewInv' and LANG_CODE = 'en'; 
update server_message_trl set TRANSLATION =  'Nu se poate marca <Introdus> un document din faza de creare. Salvati datele apoi bifati <Introdus> ' where SRVMSG_CODE = 'CantInsertedNewInv' and LANG_CODE = 'ro'; 
update server_message_trl set TRANSLATION =  'Cannot post an invoice on insert or an invoice not marked ''Issued''' where SRVMSG_CODE = 'CantPostNewInv' and LANG_CODE = 'en'; 
update server_message_trl set TRANSLATION =  'Nu pot inregistra in contabilitate un document la introducere, sau care nu este marcat ''Emis''' where SRVMSG_CODE = 'CantPostNewInv' and LANG_CODE = 'ro'; 
update server_message_trl set TRANSLATION =  'Cannot mark <Printed> a document in this stage. Save the data then set the <Printed> flag ' where SRVMSG_CODE = 'CantPrintedNewInv' and LANG_CODE = 'en'; 
update server_message_trl set TRANSLATION =  'Nu se poate marca emis un document din faza de creare. Salvati datele apoi bifati <Emis> ' where SRVMSG_CODE = 'CantPrintedNewInv' and LANG_CODE = 'ro'; 
update server_message_trl set TRANSLATION =  'Cannot change a  posted document.' where SRVMSG_CODE = 'CantUpdPostedDoc' and LANG_CODE = 'en'; 
update server_message_trl set TRANSLATION =  'Nu se poate modifica un document inregistrat in contabilitate' where SRVMSG_CODE = 'CantUpdPostedDoc' and LANG_CODE = 'ro'; 
update server_message_trl set TRANSLATION =  'Sum of line amounts is different from document total amount.' where SRVMSG_CODE = 'DocAmountsMismatch' and LANG_CODE = 'en'; 
update server_message_trl set TRANSLATION =  'Suma valorilor pe liniile documentului difera de totalul pe document.  ' where SRVMSG_CODE = 'DocAmountsMismatch' and LANG_CODE = 'ro'; 
update server_message_trl set TRANSLATION =  'Document has no detail lines.' where SRVMSG_CODE = 'DocHasNoLines' and LANG_CODE = 'en'; 
update server_message_trl set TRANSLATION =  'Documentul nu are linii de detalii.' where SRVMSG_CODE = 'DocHasNoLines' and LANG_CODE = 'ro'; 
update server_message_trl set TRANSLATION =  'Invalid accounting document. Credit/Debit lines unbalanced' where SRVMSG_CODE = 'InvalidAccDocLinNo' and LANG_CODE = 'en'; 
update server_message_trl set TRANSLATION =  'Nota contabila invalida. Liniile credit/Debit nu sunt echilibrate' where SRVMSG_CODE = 'InvalidAccDocLinNo' and LANG_CODE = 'ro'; 
update server_message_trl set TRANSLATION =  'Invalid accounting document. No creditor account.' where SRVMSG_CODE = 'InvalidAccDocLinNoCr' and LANG_CODE = 'en'; 
update server_message_trl set TRANSLATION =  'Nota contabila invalida. Nu exista cont credit pe detalii.' where SRVMSG_CODE = 'InvalidAccDocLinNoCr' and LANG_CODE = 'ro'; 
update server_message_trl set TRANSLATION =  'Invalid accounting document. No debitor account.' where SRVMSG_CODE = 'InvalidAccDocLinNoDb' and LANG_CODE = 'en'; 
update server_message_trl set TRANSLATION =  'Nota contabila invalida. Nu exista cont debit pe detalii.' where SRVMSG_CODE = 'InvalidAccDocLinNoDb' and LANG_CODE = 'ro'; 
update server_message_trl set TRANSLATION =  'Date <@1@> out of period range (<@2@>)' where SRVMSG_CODE = 'InvlidDateForPeriod' and LANG_CODE = 'en'; 
update server_message_trl set TRANSLATION =  'Data <@1@> nu se incadreaza in perioada (<@2@>)' where SRVMSG_CODE = 'InvlidDateForPeriod' and LANG_CODE = 'ro'; 
update server_message_trl set TRANSLATION =  'Accounting document with multiple debitor/creditor lines is not supported' where SRVMSG_CODE = 'MultiCDAccDocError' and LANG_CODE = 'en'; 
update server_message_trl set TRANSLATION =  'Nota contabila cu debit/credit multiplu nu este suportat' where SRVMSG_CODE = 'MultiCDAccDocError' and LANG_CODE = 'ro'; 
update server_message_trl set TRANSLATION =  'No default accounting schema found for client <@1@>' where SRVMSG_CODE = 'NoDefaultAccountingSchemaForClient' and LANG_CODE = 'en'; 
update server_message_trl set TRANSLATION =  'Nu este definita schema contabila implicita pentru unitatea <@1@>' where SRVMSG_CODE = 'NoDefaultAccountingSchemaForClient' and LANG_CODE = 'ro'; 
update server_message_trl set TRANSLATION =  'No operations allowed on a closed accounting period. (<@1@>)' where SRVMSG_CODE = 'NoOperationOnClosedAccPeriod' and LANG_CODE = 'en'; 
update server_message_trl set TRANSLATION =  'Nu se pot face inregistrari intr-o perioada contabila inchisa. (<@1@>)' where SRVMSG_CODE = 'NoOperationOnClosedAccPeriod' and LANG_CODE = 'ro'; 
update server_message_trl set TRANSLATION =  'No account specified for payment. Cannot post document.' where SRVMSG_CODE = 'NoPaymSrcAcctOnPayment' and LANG_CODE = 'en'; 
update server_message_trl set TRANSLATION =  'Lipseste contul de disponibil. Nu pot genera nota contabila.' where SRVMSG_CODE = 'NoPaymSrcAcctOnPayment' and LANG_CODE = 'ro'; 
update server_message_trl set TRANSLATION =  'No prepayment account specified. Cannot post document.' where SRVMSG_CODE = 'NoPrepayAcctOnPayment' and LANG_CODE = 'en'; 
update server_message_trl set TRANSLATION =  'Lipseste contul de avans pentru plata avans. Nu pot genera nota contabila.' where SRVMSG_CODE = 'NoPrepayAcctOnPayment' and LANG_CODE = 'ro'; 
update server_message_trl set TRANSLATION =  'No revenue account specified for invoice. Cannot post document.' where SRVMSG_CODE = 'NoRevenueAcctOnInvoice' and LANG_CODE = 'en'; 
update server_message_trl set TRANSLATION =  'Lipseste contul de creanta pe document. Nu pot genera nota contabila.' where SRVMSG_CODE = 'NoRevenueAcctOnInvoice' and LANG_CODE = 'ro'; 
update server_message_trl set TRANSLATION =  'No sales account for product on invoice line. Cannot post document.' where SRVMSG_CODE = 'NoSalesAcctOnInvLine' and LANG_CODE = 'en'; 
update server_message_trl set TRANSLATION =  'Lipseste contul de vanzari pe linia de factura. Nu pot genera nota contabila.' where SRVMSG_CODE = 'NoSalesAcctOnInvLine' and LANG_CODE = 'ro'; 
 
prompt Inserting data into ui_dc... 
prompt ------------------------------------
 
insert into ui_dc (CODE, NAME, NBS_STANDARD, USER_BUILD,DEPRECATED,DESCRIPTION) values( 'DC0001','INV01','Y','N','N',''); 
insert into ui_dc (CODE, NAME, NBS_STANDARD, USER_BUILD,DEPRECATED,DESCRIPTION) values( 'DC0002','CURRENCIES','Y','N','N',''); 
insert into ui_dc (CODE, NAME, NBS_STANDARD, USER_BUILD,DEPRECATED,DESCRIPTION) values( 'DC0003','UOM','Y','N','N',''); 
insert into ui_dc (CODE, NAME, NBS_STANDARD, USER_BUILD,DEPRECATED,DESCRIPTION) values( 'DC0004','INV02','Y','N','N',''); 
insert into ui_dc (CODE, NAME, NBS_STANDARD, USER_BUILD,DEPRECATED,DESCRIPTION) values( 'DC0005','BANK','Y','N','N',''); 
insert into ui_dc (CODE, NAME, NBS_STANDARD, USER_BUILD,DEPRECATED,DESCRIPTION) values( 'DC0006','BANK_AGENCY','Y','N','N',''); 
insert into ui_dc (CODE, NAME, NBS_STANDARD, USER_BUILD,DEPRECATED,DESCRIPTION) values( 'DC0007','COUNTRIES','Y','N','N',''); 
insert into ui_dc (CODE, NAME, NBS_STANDARD, USER_BUILD,DEPRECATED,DESCRIPTION) values( 'DC0008','REGIONS','Y','N','N',''); 
insert into ui_dc (CODE, NAME, NBS_STANDARD, USER_BUILD,DEPRECATED,DESCRIPTION) values( 'DC0009','CITIES','Y','N','N',''); 
insert into ui_dc (CODE, NAME, NBS_STANDARD, USER_BUILD,DEPRECATED,DESCRIPTION) values( 'DC0010','UOMTYPE','Y','N','N',''); 
insert into ui_dc (CODE, NAME, NBS_STANDARD, USER_BUILD,DEPRECATED,DESCRIPTION) values( 'DC0011','UOMCONVERSION','Y','N','N',''); 
insert into ui_dc (CODE, NAME, NBS_STANDARD, USER_BUILD,DEPRECATED,DESCRIPTION) values( 'DC0012','CURRENCY_XRATE','Y','N','N',''); 
insert into ui_dc (CODE, NAME, NBS_STANDARD, USER_BUILD,DEPRECATED,DESCRIPTION) values( 'DC0013','STREETS','Y','N','N',''); 
insert into ui_dc (CODE, NAME, NBS_STANDARD, USER_BUILD,DEPRECATED,DESCRIPTION) values( 'DC0014','BPARTNER','Y','N','N',''); 
insert into ui_dc (CODE, NAME, NBS_STANDARD, USER_BUILD,DEPRECATED,DESCRIPTION) values( 'DC0015','BPADRESS','Y','N','N',''); 
insert into ui_dc (CODE, NAME, NBS_STANDARD, USER_BUILD,DEPRECATED,DESCRIPTION) values( 'DC0016','PARCEL_MASTERDATA','Y','N','N',''); 
insert into ui_dc (CODE, NAME, NBS_STANDARD, USER_BUILD,DEPRECATED,DESCRIPTION) values( 'DC0017','DELIVERY_AGENTS','Y','N','N',''); 
insert into ui_dc (CODE, NAME, NBS_STANDARD, USER_BUILD,DEPRECATED,DESCRIPTION) values( 'DC0018','BP_BANKACCOUNT','Y','N','N',''); 
insert into ui_dc (CODE, NAME, NBS_STANDARD, USER_BUILD,DEPRECATED,DESCRIPTION) values( 'DC0019','TASK','Y','N','N',''); 
insert into ui_dc (CODE, NAME, NBS_STANDARD, USER_BUILD,DEPRECATED,DESCRIPTION) values( 'DC0020','IINVITEM','Y','N','N',''); 
insert into ui_dc (CODE, NAME, NBS_STANDARD, USER_BUILD,DEPRECATED,DESCRIPTION) values( 'DC0021','UI_GUI','Y','N','N',''); 
insert into ui_dc (CODE, NAME, NBS_STANDARD, USER_BUILD,DEPRECATED,DESCRIPTION) values( 'DC0022','MENUITEMS','Y','N','N',''); 
insert into ui_dc (CODE, NAME, NBS_STANDARD, USER_BUILD,DEPRECATED,DESCRIPTION) values( 'DC0023','ACCYEAR','Y','N','N',''); 
insert into ui_dc (CODE, NAME, NBS_STANDARD, USER_BUILD,DEPRECATED,DESCRIPTION) values( 'DC0024','ACCPERIOD','Y','N','N',''); 
insert into ui_dc (CODE, NAME, NBS_STANDARD, USER_BUILD,DEPRECATED,DESCRIPTION) values( 'DC0025','UI_LOV','Y','N','N',''); 
insert into ui_dc (CODE, NAME, NBS_STANDARD, USER_BUILD,DEPRECATED,DESCRIPTION) values( 'DC0026','RINVOICE','Y','N','N',''); 
insert into ui_dc (CODE, NAME, NBS_STANDARD, USER_BUILD,DEPRECATED,DESCRIPTION) values( 'DC0027','INV_DOC_TYPE','Y','N','N',''); 
insert into ui_dc (CODE, NAME, NBS_STANDARD, USER_BUILD,DEPRECATED,DESCRIPTION) values( 'DC0028','PAYMENT_DOC_TYPE','Y','N','N',''); 
insert into ui_dc (CODE, NAME, NBS_STANDARD, USER_BUILD,DEPRECATED,DESCRIPTION) values( 'DC0029','PAYMENT01','Y','N','N',''); 
insert into ui_dc (CODE, NAME, NBS_STANDARD, USER_BUILD,DEPRECATED,DESCRIPTION) values( 'DC0030','UI_DC_FIELD_INITVAL','Y','N','N',''); 
insert into ui_dc (CODE, NAME, NBS_STANDARD, USER_BUILD,DEPRECATED,DESCRIPTION) values( 'DC0031','USERS','Y','N','N',''); 
insert into ui_dc (CODE, NAME, NBS_STANDARD, USER_BUILD,DEPRECATED,DESCRIPTION) values( 'DC0032','ACCOUNTS','Y','N','N',''); 
insert into ui_dc (CODE, NAME, NBS_STANDARD, USER_BUILD,DEPRECATED,DESCRIPTION) values( 'DC0033','ACC_SCHEMA_ATTR_DEF','Y','N','N',''); 
insert into ui_dc (CODE, NAME, NBS_STANDARD, USER_BUILD,DEPRECATED,DESCRIPTION) values( 'DC0034','CONTRACT_TYPE','Y','N','N',''); 
insert into ui_dc (CODE, NAME, NBS_STANDARD, USER_BUILD,DEPRECATED,DESCRIPTION) values( 'DC0035','BP_CONTRACT','Y','N','N',''); 
insert into ui_dc (CODE, NAME, NBS_STANDARD, USER_BUILD,DEPRECATED,DESCRIPTION) values( 'DC0036','UI_DICTIONARY','Y','N','N',''); 
insert into ui_dc (CODE, NAME, NBS_STANDARD, USER_BUILD,DEPRECATED,DESCRIPTION) values( 'DC0037','UI_DICTIONARY_TRL','Y','N','N',''); 
insert into ui_dc (CODE, NAME, NBS_STANDARD, USER_BUILD,DEPRECATED,DESCRIPTION) values( 'DC0038','PRODUCT_CATEGORY','Y','N','N',''); 
insert into ui_dc (CODE, NAME, NBS_STANDARD, USER_BUILD,DEPRECATED,DESCRIPTION) values( 'DC0039','PRODUCT','Y','N','N',''); 
insert into ui_dc (CODE, NAME, NBS_STANDARD, USER_BUILD,DEPRECATED,DESCRIPTION) values( 'DC0040','ACCOUNTING_DOC','Y','N','N',''); 
insert into ui_dc (CODE, NAME, NBS_STANDARD, USER_BUILD,DEPRECATED,DESCRIPTION) values( 'DC0041','RINVOICE_ITEM','Y','N','N',''); 
insert into ui_dc (CODE, NAME, NBS_STANDARD, USER_BUILD,DEPRECATED,DESCRIPTION) values( 'DC0042','ACCOUNTING_DOC_ITEM','Y','N','N',''); 
insert into ui_dc (CODE, NAME, NBS_STANDARD, USER_BUILD,DEPRECATED,DESCRIPTION) values( 'DC0043','MENUITEM_TRL','Y','N','N',''); 
insert into ui_dc (CODE, NAME, NBS_STANDARD, USER_BUILD,DEPRECATED,DESCRIPTION) values( 'DC0044','RINVOICE-PAYMENT','Y','N','N',''); 
insert into ui_dc (CODE, NAME, NBS_STANDARD, USER_BUILD,DEPRECATED,DESCRIPTION) values( 'DC0045','PROJECT','Y','N','N',''); 
insert into ui_dc (CODE, NAME, NBS_STANDARD, USER_BUILD,DEPRECATED,DESCRIPTION) values( 'DC0046','PROJECT_ISSUE','Y','N','N',''); 
insert into ui_dc (CODE, NAME, NBS_STANDARD, USER_BUILD,DEPRECATED,DESCRIPTION) values( 'DC0047','PROJECT_ISSUE_ATTACHMENT','Y','N','N',''); 
insert into ui_dc (CODE, NAME, NBS_STANDARD, USER_BUILD,DEPRECATED,DESCRIPTION) values( 'DC0048','PROJECT_ISSUE_NOTE','Y','N','N',''); 
insert into ui_dc (CODE, NAME, NBS_STANDARD, USER_BUILD,DEPRECATED,DESCRIPTION) values( 'DC0049','PROJECT_ISSUE_PRIORITY','Y','N','N',''); 
insert into ui_dc (CODE, NAME, NBS_STANDARD, USER_BUILD,DEPRECATED,DESCRIPTION) values( 'DC0050','PROJECT_ISSUE_SEVERITY','Y','N','N',''); 
insert into ui_dc (CODE, NAME, NBS_STANDARD, USER_BUILD,DEPRECATED,DESCRIPTION) values( 'DC0051','PROJECT_ISSUE_STATUS','Y','N','N',''); 
insert into ui_dc (CODE, NAME, NBS_STANDARD, USER_BUILD,DEPRECATED,DESCRIPTION) values( 'DC0052','PROJECT_ISSUE_TYPE','Y','N','N',''); 
insert into ui_dc (CODE, NAME, NBS_STANDARD, USER_BUILD,DEPRECATED,DESCRIPTION) values( 'DC0053','PROJECT_STATUS','Y','N','N',''); 
insert into ui_dc (CODE, NAME, NBS_STANDARD, USER_BUILD,DEPRECATED,DESCRIPTION) values( 'DC0054','PROJECT_CMP_TYPE','Y','N','N',''); 
insert into ui_dc (CODE, NAME, NBS_STANDARD, USER_BUILD,DEPRECATED,DESCRIPTION) values( 'DC0055','TIMESHEET-PROJECT_ISSUE','Y','N','N',''); 
insert into ui_dc (CODE, NAME, NBS_STANDARD, USER_BUILD,DEPRECATED,DESCRIPTION) values( 'DC0056','BP_ACCOUNT_CUSTOMER','Y','N','N',''); 
insert into ui_dc (CODE, NAME, NBS_STANDARD, USER_BUILD,DEPRECATED,DESCRIPTION) values( 'DC0057','BP_CONTACT','Y','N','N',''); 
insert into ui_dc (CODE, NAME, NBS_STANDARD, USER_BUILD,DEPRECATED,DESCRIPTION) values( 'DC0058','BP_COMMUNICATION','Y','N','N',''); 
insert into ui_dc (CODE, NAME, NBS_STANDARD, USER_BUILD,DEPRECATED,DESCRIPTION) values( 'DC0059','BP_ORDER','Y','N','N',''); 
insert into ui_dc (CODE, NAME, NBS_STANDARD, USER_BUILD,DEPRECATED,DESCRIPTION) values( 'DC0060','BP_ORDER_LINE','Y','N','N',''); 
insert into ui_dc (CODE, NAME, NBS_STANDARD, USER_BUILD,DEPRECATED,DESCRIPTION) values( 'DC0061','ASSET','Y','N','N',''); 
insert into ui_dc (CODE, NAME, NBS_STANDARD, USER_BUILD,DEPRECATED,DESCRIPTION) values( 'DC0062','ASSET_GROUP','Y','N','N',''); 
insert into ui_dc (CODE, NAME, NBS_STANDARD, USER_BUILD,DEPRECATED,DESCRIPTION) values( 'DC0063','PURCHASE_ORDER','Y','N','N',''); 
insert into ui_dc (CODE, NAME, NBS_STANDARD, USER_BUILD,DEPRECATED,DESCRIPTION) values( 'DC0064','PURCHASE_ORDER_LINE','Y','N','N',''); 
insert into ui_dc (CODE, NAME, NBS_STANDARD, USER_BUILD,DEPRECATED,DESCRIPTION) values( 'DC0065','DOCUMENT_SERIAL','Y','N','N',''); 
insert into ui_dc (CODE, NAME, NBS_STANDARD, USER_BUILD,DEPRECATED,DESCRIPTION) values( 'DC0066','MENU_SHORTCUT','Y','N','N',''); 
insert into ui_dc (CODE, NAME, NBS_STANDARD, USER_BUILD,DEPRECATED,DESCRIPTION) values( 'DC0067','ROLES','Y','N','N',''); 
insert into ui_dc (CODE, NAME, NBS_STANDARD, USER_BUILD,DEPRECATED,DESCRIPTION) values( 'DC0068','USER_ROLES','Y','N','N',''); 
insert into ui_dc (CODE, NAME, NBS_STANDARD, USER_BUILD,DEPRECATED,DESCRIPTION) values( 'DC0069','CONTACTS','Y','N','N',''); 
insert into ui_dc (CODE, NAME, NBS_STANDARD, USER_BUILD,DEPRECATED,DESCRIPTION) values( 'DC0070','MENUITEM_ROLE','Y','N','N',''); 
insert into ui_dc (CODE, NAME, NBS_STANDARD, USER_BUILD,DEPRECATED,DESCRIPTION) values( 'DC0071','UI_DC_ROLE_PERMISSION','Y','N','N',''); 
insert into ui_dc (CODE, NAME, NBS_STANDARD, USER_BUILD,DEPRECATED,DESCRIPTION) values( 'DC0072','USR_LOGIN','Y','N','N',''); 
insert into ui_dc (CODE, NAME, NBS_STANDARD, USER_BUILD,DEPRECATED,DESCRIPTION) values( 'DC0073','MM_PROD_ATTR_GRP','Y','N','N',''); 
insert into ui_dc (CODE, NAME, NBS_STANDARD, USER_BUILD,DEPRECATED,DESCRIPTION) values( 'DC0074','MM_PROD_ATTR','Y','N','N',''); 
insert into ui_dc (CODE, NAME, NBS_STANDARD, USER_BUILD,DEPRECATED,DESCRIPTION) values( 'DC0075','MM_PRICE_LEVEL','Y','N','N',''); 
insert into ui_dc (CODE, NAME, NBS_STANDARD, USER_BUILD,DEPRECATED,DESCRIPTION) values( 'DC0076','MM_PRICE_LIST','Y','N','N',''); 
insert into ui_dc (CODE, NAME, NBS_STANDARD, USER_BUILD,DEPRECATED,DESCRIPTION) values( 'DC0077','MM_PROD_ATTR_VAL','Y','N','N',''); 
insert into ui_dc (CODE, NAME, NBS_STANDARD, USER_BUILD,DEPRECATED,DESCRIPTION) values( 'DC0078','MM_MOVEMENT_IN_DOC','Y','N','N',''); 
insert into ui_dc (CODE, NAME, NBS_STANDARD, USER_BUILD,DEPRECATED,DESCRIPTION) values( 'DC0079','MM_MVMNTIN_DOCTYPE','Y','N','N',''); 
insert into ui_dc (CODE, NAME, NBS_STANDARD, USER_BUILD,DEPRECATED,DESCRIPTION) values( 'DC0080','MM_MOVEMENT_IN_LINE','Y','N','N',''); 
insert into ui_dc (CODE, NAME, NBS_STANDARD, USER_BUILD,DEPRECATED,DESCRIPTION) values( 'DC0081','CLIENT','Y','N','N',''); 
insert into ui_dc (CODE, NAME, NBS_STANDARD, USER_BUILD,DEPRECATED,DESCRIPTION) values( 'DC0082','ORGANIZATION','Y','N','N',''); 
insert into ui_dc (CODE, NAME, NBS_STANDARD, USER_BUILD,DEPRECATED,DESCRIPTION) values( 'DC0083','COST_CENTER','Y','N','N',''); 
insert into ui_dc (CODE, NAME, NBS_STANDARD, USER_BUILD,DEPRECATED,DESCRIPTION) values( 'DC0084','ORG_TYPES','Y','N','N',''); 
insert into ui_dc (CODE, NAME, NBS_STANDARD, USER_BUILD,DEPRECATED,DESCRIPTION) values( 'DC0085','MM_ORG_INV','Y','N','N',''); 
insert into ui_dc (CODE, NAME, NBS_STANDARD, USER_BUILD,DEPRECATED,DESCRIPTION) values( 'DC0086','MM_ORG_INV_TYPE','Y','N','N',''); 
insert into ui_dc (CODE, NAME, NBS_STANDARD, USER_BUILD,DEPRECATED,DESCRIPTION) values( 'DC0087','MM_STOCK_LOC_TYPE','Y','N','N',''); 
insert into ui_dc (CODE, NAME, NBS_STANDARD, USER_BUILD,DEPRECATED,DESCRIPTION) values( 'DC0088','MM_ORG_INV_STOCK_LOC','Y','N','N',''); 
insert into ui_dc (CODE, NAME, NBS_STANDARD, USER_BUILD,DEPRECATED,DESCRIPTION) values( 'DC0089','V_STOCKS','Y','N','N',''); 
insert into ui_dc (CODE, NAME, NBS_STANDARD, USER_BUILD,DEPRECATED,DESCRIPTION) values( 'DC0090','MM_PRICE_LIST_PRODUCTS','Y','N','N',''); 
insert into ui_dc (CODE, NAME, NBS_STANDARD, USER_BUILD,DEPRECATED,DESCRIPTION) values( 'DC0091','V_ORCL_SESSION','Y','N','N',''); 
insert into ui_dc (CODE, NAME, NBS_STANDARD, USER_BUILD,DEPRECATED,DESCRIPTION) values( 'DC0092','AC_ACCSCHEMA','Y','N','N',''); 
insert into ui_dc (CODE, NAME, NBS_STANDARD, USER_BUILD,DEPRECATED,DESCRIPTION) values( 'DC0093','AC_ACCSCHEMA_PARAM','Y','N','N',''); 
insert into ui_dc (CODE, NAME, NBS_STANDARD, USER_BUILD,DEPRECATED,DESCRIPTION) values( 'DC0094','AC_CLIENT_ACCSCHEMA','Y','N','N',''); 
insert into ui_dc (CODE, NAME, NBS_STANDARD, USER_BUILD,DEPRECATED,DESCRIPTION) values( 'DC0095','TR_TRANSPORT_TYPE','Y','N','N',''); 
insert into ui_dc (CODE, NAME, NBS_STANDARD, USER_BUILD,DEPRECATED,DESCRIPTION) values( 'DC0096','TR_TRANSPORT_STATUS','Y','N','N',''); 
insert into ui_dc (CODE, NAME, NBS_STANDARD, USER_BUILD,DEPRECATED,DESCRIPTION) values( 'DC0097','TR_VEHICLE','Y','N','N',''); 
insert into ui_dc (CODE, NAME, NBS_STANDARD, USER_BUILD,DEPRECATED,DESCRIPTION) values( 'DC0098','TR_TRANSPORT','Y','N','N',''); 
insert into ui_dc (CODE, NAME, NBS_STANDARD, USER_BUILD,DEPRECATED,DESCRIPTION) values( 'DC0099','TR_VEHICLE_TYPE','Y','N','N',''); 
insert into ui_dc (CODE, NAME, NBS_STANDARD, USER_BUILD,DEPRECATED,DESCRIPTION) values( 'DC0100','BP_CLIENT','Y','N','N',''); 
insert into ui_dc (CODE, NAME, NBS_STANDARD, USER_BUILD,DEPRECATED,DESCRIPTION) values( 'DC0101','AC_CLIACCSCHEMA_PARAMACCT','Y','N','N',''); 
insert into ui_dc (CODE, NAME, NBS_STANDARD, USER_BUILD,DEPRECATED,DESCRIPTION) values( 'DC0102','BP_ACCOUNTS','Y','N','N',''); 
insert into ui_dc (CODE, NAME, NBS_STANDARD, USER_BUILD,DEPRECATED,DESCRIPTION) values( 'DC0103','BP_CLIENT-DETAIL','Y','N','N',''); 
insert into ui_dc (CODE, NAME, NBS_STANDARD, USER_BUILD,DEPRECATED,DESCRIPTION) values( 'DC0104','MM_PRODUCT_CLIENT','Y','N','N',''); 
insert into ui_dc (CODE, NAME, NBS_STANDARD, USER_BUILD,DEPRECATED,DESCRIPTION) values( 'DC0105','MM_PRODUCT_ACCOUNT','Y','N','N',''); 
 
prompt Inserting data into ui_dc_field... 
prompt ------------------------------------
 
insert into ui_dc_field (UIDC_CODE, FIELD_NAME,DESCRIPTION) values( 'DC0001','CLIENT_ID',''); 
insert into ui_dc_field (UIDC_CODE, FIELD_NAME,DESCRIPTION) values( 'DC0001','CREATEDBY',''); 
insert into ui_dc_field (UIDC_CODE, FIELD_NAME,DESCRIPTION) values( 'DC0001','CREATEDON',''); 
insert into ui_dc_field (UIDC_CODE, FIELD_NAME,DESCRIPTION) values( 'DC0001','CURRENCY_XRATE',''); 
insert into ui_dc_field (UIDC_CODE, FIELD_NAME,DESCRIPTION) values( 'DC0001','DOC_DATE',''); 
insert into ui_dc_field (UIDC_CODE, FIELD_NAME,DESCRIPTION) values( 'DC0001','DOC_NO',''); 
insert into ui_dc_field (UIDC_CODE, FIELD_NAME,DESCRIPTION) values( 'DC0001','DOC_NO_1',''); 
insert into ui_dc_field (UIDC_CODE, FIELD_NAME,DESCRIPTION) values( 'DC0001','DOC_NO_SERIAL',''); 
insert into ui_dc_field (UIDC_CODE, FIELD_NAME,DESCRIPTION) values( 'DC0001','DOC_TYPE',''); 
insert into ui_dc_field (UIDC_CODE, FIELD_NAME,DESCRIPTION) values( 'DC0001','DUE_DATE',''); 
insert into ui_dc_field (UIDC_CODE, FIELD_NAME,DESCRIPTION) values( 'DC0001','ID',''); 
insert into ui_dc_field (UIDC_CODE, FIELD_NAME,DESCRIPTION) values( 'DC0001','INV_CURRENCY',''); 
insert into ui_dc_field (UIDC_CODE, FIELD_NAME,DESCRIPTION) values( 'DC0001','INV_LINE_COUNT',''); 
insert into ui_dc_field (UIDC_CODE, FIELD_NAME,DESCRIPTION) values( 'DC0001','INV_STATUS',''); 
insert into ui_dc_field (UIDC_CODE, FIELD_NAME,DESCRIPTION) values( 'DC0001','ISSUER_ID',''); 
insert into ui_dc_field (UIDC_CODE, FIELD_NAME,DESCRIPTION) values( 'DC0001','ISSUER_NAME',''); 
insert into ui_dc_field (UIDC_CODE, FIELD_NAME,DESCRIPTION) values( 'DC0001','ISSUER_REG_NO',''); 
insert into ui_dc_field (UIDC_CODE, FIELD_NAME,DESCRIPTION) values( 'DC0001','ISSUER_TAX_NO',''); 
insert into ui_dc_field (UIDC_CODE, FIELD_NAME,DESCRIPTION) values( 'DC0001','ISSUER_TAX_NO_TYPE',''); 
insert into ui_dc_field (UIDC_CODE, FIELD_NAME,DESCRIPTION) values( 'DC0001','MODIFIEDBY',''); 
insert into ui_dc_field (UIDC_CODE, FIELD_NAME,DESCRIPTION) values( 'DC0001','MODIFIEDON',''); 
insert into ui_dc_field (UIDC_CODE, FIELD_NAME,DESCRIPTION) values( 'DC0001','NOTES',''); 
insert into ui_dc_field (UIDC_CODE, FIELD_NAME,DESCRIPTION) values( 'DC0001','ORDER_ID',''); 
insert into ui_dc_field (UIDC_CODE, FIELD_NAME,DESCRIPTION) values( 'DC0001','PAYBY_ID',''); 
insert into ui_dc_field (UIDC_CODE, FIELD_NAME,DESCRIPTION) values( 'DC0001','PRINTED',''); 
insert into ui_dc_field (UIDC_CODE, FIELD_NAME,DESCRIPTION) values( 'DC0001','RECEIVER_ID',''); 
insert into ui_dc_field (UIDC_CODE, FIELD_NAME,DESCRIPTION) values( 'DC0001','RECEIVER_NAME',''); 
insert into ui_dc_field (UIDC_CODE, FIELD_NAME,DESCRIPTION) values( 'DC0001','RECEIVER_REG_NO',''); 
insert into ui_dc_field (UIDC_CODE, FIELD_NAME,DESCRIPTION) values( 'DC0001','RECEIVER_TAX_NO',''); 
insert into ui_dc_field (UIDC_CODE, FIELD_NAME,DESCRIPTION) values( 'DC0001','RECEIVER_TAX_NO_TYPE',''); 
insert into ui_dc_field (UIDC_CODE, FIELD_NAME,DESCRIPTION) values( 'DC0001','REF_INV_DOC_NO',''); 
insert into ui_dc_field (UIDC_CODE, FIELD_NAME,DESCRIPTION) values( 'DC0001','REF_INV_ID',''); 
insert into ui_dc_field (UIDC_CODE, FIELD_NAME,DESCRIPTION) values( 'DC0001','TOTAL_AMOUNT',''); 
insert into ui_dc_field (UIDC_CODE, FIELD_NAME,DESCRIPTION) values( 'DC0001','TOTAL_NET_AMOUNT',''); 
insert into ui_dc_field (UIDC_CODE, FIELD_NAME,DESCRIPTION) values( 'DC0001','TOTAL_TAX_AMOUNT',''); 
insert into ui_dc_field (UIDC_CODE, FIELD_NAME,DESCRIPTION) values( 'DC0001','TRANSTYPE_CODE',''); 
insert into ui_dc_field (UIDC_CODE, FIELD_NAME,DESCRIPTION) values( 'DC0001','VAT_RATE',''); 
insert into ui_dc_field (UIDC_CODE, FIELD_NAME,DESCRIPTION) values( 'DC0002','ACCOUNT_GAIN',''); 
insert into ui_dc_field (UIDC_CODE, FIELD_NAME,DESCRIPTION) values( 'DC0002','ACCOUNT_LOSS',''); 
insert into ui_dc_field (UIDC_CODE, FIELD_NAME,DESCRIPTION) values( 'DC0002','ACTIVE',''); 
insert into ui_dc_field (UIDC_CODE, FIELD_NAME,DESCRIPTION) values( 'DC0002','CODE',''); 
insert into ui_dc_field (UIDC_CODE, FIELD_NAME,DESCRIPTION) values( 'DC0002','ID',''); 
insert into ui_dc_field (UIDC_CODE, FIELD_NAME,DESCRIPTION) values( 'DC0002','NAME',''); 
insert into ui_dc_field (UIDC_CODE, FIELD_NAME,DESCRIPTION) values( 'DC0003','ACTIVE',''); 
insert into ui_dc_field (UIDC_CODE, FIELD_NAME,DESCRIPTION) values( 'DC0003','CODE',''); 
insert into ui_dc_field (UIDC_CODE, FIELD_NAME,DESCRIPTION) values( 'DC0003','CREATEDBY',''); 
insert into ui_dc_field (UIDC_CODE, FIELD_NAME,DESCRIPTION) values( 'DC0003','CREATEDON',''); 
insert into ui_dc_field (UIDC_CODE, FIELD_NAME,DESCRIPTION) values( 'DC0003','ID',''); 
insert into ui_dc_field (UIDC_CODE, FIELD_NAME,DESCRIPTION) values( 'DC0003','IS_MASS',''); 
insert into ui_dc_field (UIDC_CODE, FIELD_NAME,DESCRIPTION) values( 'DC0003','IS_PERIOD',''); 
insert into ui_dc_field (UIDC_CODE, FIELD_NAME,DESCRIPTION) values( 'DC0003','IS_VOLUME',''); 
insert into ui_dc_field (UIDC_CODE, FIELD_NAME,DESCRIPTION) values( 'DC0003','MODIFIEDBY',''); 
insert into ui_dc_field (UIDC_CODE, FIELD_NAME,DESCRIPTION) values( 'DC0003','MODIFIEDON',''); 
insert into ui_dc_field (UIDC_CODE, FIELD_NAME,DESCRIPTION) values( 'DC0003','NAME',''); 
insert into ui_dc_field (UIDC_CODE, FIELD_NAME,DESCRIPTION) values( 'DC0003','UOM_TYPE',''); 
insert into ui_dc_field (UIDC_CODE, FIELD_NAME,DESCRIPTION) values( 'DC0004','ACCDOC_ID',''); 
insert into ui_dc_field (UIDC_CODE, FIELD_NAME,DESCRIPTION) values( 'DC0004','ACCDOC_NAME',''); 
insert into ui_dc_field (UIDC_CODE, FIELD_NAME,DESCRIPTION) values( 'DC0004','ACCT',''); 
insert into ui_dc_field (UIDC_CODE, FIELD_NAME,DESCRIPTION) values( 'DC0004','CLIENT_CODE',''); 
insert into ui_dc_field (UIDC_CODE, FIELD_NAME,DESCRIPTION) values( 'DC0004','CLIENT_ID',''); 
insert into ui_dc_field (UIDC_CODE, FIELD_NAME,DESCRIPTION) values( 'DC0004','CLIENT_NAME',''); 
insert into ui_dc_field (UIDC_CODE, FIELD_NAME,DESCRIPTION) values( 'DC0004','CREATEDBY',''); 
insert into ui_dc_field (UIDC_CODE, FIELD_NAME,DESCRIPTION) values( 'DC0004','CREATEDON',''); 
insert into ui_dc_field (UIDC_CODE, FIELD_NAME,DESCRIPTION) values( 'DC0004','CURRENCY_XRATE',''); 
insert into ui_dc_field (UIDC_CODE, FIELD_NAME,DESCRIPTION) values( 'DC0004','DOC_CURRENCY',''); 
insert into ui_dc_field (UIDC_CODE, FIELD_NAME,DESCRIPTION) values( 'DC0004','DOC_DATE',''); 
insert into ui_dc_field (UIDC_CODE, FIELD_NAME,DESCRIPTION) values( 'DC0004','DOC_NO',''); 
insert into ui_dc_field (UIDC_CODE, FIELD_NAME,DESCRIPTION) values( 'DC0004','DOC_NO_FULL',''); 
insert into ui_dc_field (UIDC_CODE, FIELD_NAME,DESCRIPTION) values( 'DC0004','DOC_NO_SERIAL',''); 
insert into ui_dc_field (UIDC_CODE, FIELD_NAME,DESCRIPTION) values( 'DC0004','DOC_TYPE',''); 
insert into ui_dc_field (UIDC_CODE, FIELD_NAME,DESCRIPTION) values( 'DC0004','DUE_DATE',''); 
insert into ui_dc_field (UIDC_CODE, FIELD_NAME,DESCRIPTION) values( 'DC0004','ID',''); 
insert into ui_dc_field (UIDC_CODE, FIELD_NAME,DESCRIPTION) values( 'DC0004','INV_LINE_COUNT',''); 
insert into ui_dc_field (UIDC_CODE, FIELD_NAME,DESCRIPTION) values( 'DC0004','INV_STATUS',''); 
insert into ui_dc_field (UIDC_CODE, FIELD_NAME,DESCRIPTION) values( 'DC0004','ISSUER_ID',''); 
insert into ui_dc_field (UIDC_CODE, FIELD_NAME,DESCRIPTION) values( 'DC0004','ISSUER_NAME',''); 
insert into ui_dc_field (UIDC_CODE, FIELD_NAME,DESCRIPTION) values( 'DC0004','IS_INSERTED',''); 
insert into ui_dc_field (UIDC_CODE, FIELD_NAME,DESCRIPTION) values( 'DC0004','IS_POSTED',''); 
insert into ui_dc_field (UIDC_CODE, FIELD_NAME,DESCRIPTION) values( 'DC0004','IS_PRINTED',''); 
insert into ui_dc_field (UIDC_CODE, FIELD_NAME,DESCRIPTION) values( 'DC0004','MODIFIEDBY',''); 
insert into ui_dc_field (UIDC_CODE, FIELD_NAME,DESCRIPTION) values( 'DC0004','MODIFIEDON',''); 
insert into ui_dc_field (UIDC_CODE, FIELD_NAME,DESCRIPTION) values( 'DC0004','NOTES',''); 
insert into ui_dc_field (UIDC_CODE, FIELD_NAME,DESCRIPTION) values( 'DC0004','ORDER_ID',''); 
insert into ui_dc_field (UIDC_CODE, FIELD_NAME,DESCRIPTION) values( 'DC0004','PAYBY_ID',''); 
insert into ui_dc_field (UIDC_CODE, FIELD_NAME,DESCRIPTION) values( 'DC0004','POSTEDBY',''); 
insert into ui_dc_field (UIDC_CODE, FIELD_NAME,DESCRIPTION) values( 'DC0004','POSTEDON',''); 
insert into ui_dc_field (UIDC_CODE, FIELD_NAME,DESCRIPTION) values( 'DC0004','RECEIVER_ID',''); 
insert into ui_dc_field (UIDC_CODE, FIELD_NAME,DESCRIPTION) values( 'DC0004','RECEIVER_NAME',''); 
insert into ui_dc_field (UIDC_CODE, FIELD_NAME,DESCRIPTION) values( 'DC0004','REF_IINV_DOC_NO',''); 
insert into ui_dc_field (UIDC_CODE, FIELD_NAME,DESCRIPTION) values( 'DC0004','REF_IINV_ID',''); 
insert into ui_dc_field (UIDC_CODE, FIELD_NAME,DESCRIPTION) values( 'DC0004','REV_ACCT',''); 
insert into ui_dc_field (UIDC_CODE, FIELD_NAME,DESCRIPTION) values( 'DC0004','TOTAL_AMOUNT',''); 
insert into ui_dc_field (UIDC_CODE, FIELD_NAME,DESCRIPTION) values( 'DC0004','TOTAL_NET_AMOUNT',''); 
insert into ui_dc_field (UIDC_CODE, FIELD_NAME,DESCRIPTION) values( 'DC0004','TOTAL_TAX_AMOUNT',''); 
insert into ui_dc_field (UIDC_CODE, FIELD_NAME,DESCRIPTION) values( 'DC0004','TRANSTYPE_CODE',''); 
insert into ui_dc_field (UIDC_CODE, FIELD_NAME,DESCRIPTION) values( 'DC0004','VAT_RATE',''); 
insert into ui_dc_field (UIDC_CODE, FIELD_NAME,DESCRIPTION) values( 'DC0005','CODE',''); 
insert into ui_dc_field (UIDC_CODE, FIELD_NAME,DESCRIPTION) values( 'DC0005','CREATEDBY',''); 
insert into ui_dc_field (UIDC_CODE, FIELD_NAME,DESCRIPTION) values( 'DC0005','CREATEDON',''); 
insert into ui_dc_field (UIDC_CODE, FIELD_NAME,DESCRIPTION) values( 'DC0005','ID',''); 
insert into ui_dc_field (UIDC_CODE, FIELD_NAME,DESCRIPTION) values( 'DC0005','LOCATION_ID',''); 
insert into ui_dc_field (UIDC_CODE, FIELD_NAME,DESCRIPTION) values( 'DC0005','MODIFIEDBY',''); 
insert into ui_dc_field (UIDC_CODE, FIELD_NAME,DESCRIPTION) values( 'DC0005','MODIFIEDON',''); 
insert into ui_dc_field (UIDC_CODE, FIELD_NAME,DESCRIPTION) values( 'DC0005','NAME',''); 
insert into ui_dc_field (UIDC_CODE, FIELD_NAME,DESCRIPTION) values( 'DC0005','SWIFTCODE',''); 
insert into ui_dc_field (UIDC_CODE, FIELD_NAME,DESCRIPTION) values( 'DC0006','ADRESS',''); 
insert into ui_dc_field (UIDC_CODE, FIELD_NAME,DESCRIPTION) values( 'DC0006','BANK_CODE',''); 
insert into ui_dc_field (UIDC_CODE, FIELD_NAME,DESCRIPTION) values( 'DC0006','CODE',''); 
insert into ui_dc_field (UIDC_CODE, FIELD_NAME,DESCRIPTION) values( 'DC0006','ID',''); 
insert into ui_dc_field (UIDC_CODE, FIELD_NAME,DESCRIPTION) values( 'DC0006','NAME',''); 
insert into ui_dc_field (UIDC_CODE, FIELD_NAME,DESCRIPTION) values( 'DC0006','TYPE',''); 
insert into ui_dc_field (UIDC_CODE, FIELD_NAME,DESCRIPTION) values( 'DC0007','ACTIVE',''); 
insert into ui_dc_field (UIDC_CODE, FIELD_NAME,DESCRIPTION) values( 'DC0007','CODE',''); 
insert into ui_dc_field (UIDC_CODE, FIELD_NAME,DESCRIPTION) values( 'DC0007','ID',''); 
insert into ui_dc_field (UIDC_CODE, FIELD_NAME,DESCRIPTION) values( 'DC0007','NAME',''); 
insert into ui_dc_field (UIDC_CODE, FIELD_NAME,DESCRIPTION) values( 'DC0008','ACTIVE',''); 
insert into ui_dc_field (UIDC_CODE, FIELD_NAME,DESCRIPTION) values( 'DC0008','CODE',''); 
insert into ui_dc_field (UIDC_CODE, FIELD_NAME,DESCRIPTION) values( 'DC0008','COUNTRY_CODE',''); 
insert into ui_dc_field (UIDC_CODE, FIELD_NAME,DESCRIPTION) values( 'DC0008','ID',''); 
insert into ui_dc_field (UIDC_CODE, FIELD_NAME,DESCRIPTION) values( 'DC0008','NAME',''); 
insert into ui_dc_field (UIDC_CODE, FIELD_NAME,DESCRIPTION) values( 'DC0009','ACTIVE',''); 
insert into ui_dc_field (UIDC_CODE, FIELD_NAME,DESCRIPTION) values( 'DC0009','AREA_CODE',''); 
insert into ui_dc_field (UIDC_CODE, FIELD_NAME,DESCRIPTION) values( 'DC0009','CODE',''); 
insert into ui_dc_field (UIDC_CODE, FIELD_NAME,DESCRIPTION) values( 'DC0009','COUNTRY_CODE',''); 
insert into ui_dc_field (UIDC_CODE, FIELD_NAME,DESCRIPTION) values( 'DC0009','CREATEDBY',''); 
insert into ui_dc_field (UIDC_CODE, FIELD_NAME,DESCRIPTION) values( 'DC0009','CREATEDON',''); 
insert into ui_dc_field (UIDC_CODE, FIELD_NAME,DESCRIPTION) values( 'DC0009','ID',''); 
insert into ui_dc_field (UIDC_CODE, FIELD_NAME,DESCRIPTION) values( 'DC0009','MODIFIEDBY',''); 
insert into ui_dc_field (UIDC_CODE, FIELD_NAME,DESCRIPTION) values( 'DC0009','MODIFIEDON',''); 
insert into ui_dc_field (UIDC_CODE, FIELD_NAME,DESCRIPTION) values( 'DC0009','NAME',''); 
insert into ui_dc_field (UIDC_CODE, FIELD_NAME,DESCRIPTION) values( 'DC0009','POSTAL_CODE',''); 
insert into ui_dc_field (UIDC_CODE, FIELD_NAME,DESCRIPTION) values( 'DC0009','REGION_CODE',''); 
insert into ui_dc_field (UIDC_CODE, FIELD_NAME,DESCRIPTION) values( 'DC0010','CODE',''); 
insert into ui_dc_field (UIDC_CODE, FIELD_NAME,DESCRIPTION) values( 'DC0010','ID',''); 
insert into ui_dc_field (UIDC_CODE, FIELD_NAME,DESCRIPTION) values( 'DC0010','IS_PERIOD',''); 
insert into ui_dc_field (UIDC_CODE, FIELD_NAME,DESCRIPTION) values( 'DC0010','IS_VOLUME',''); 
insert into ui_dc_field (UIDC_CODE, FIELD_NAME,DESCRIPTION) values( 'DC0010','IS_WEIGHT',''); 
insert into ui_dc_field (UIDC_CODE, FIELD_NAME,DESCRIPTION) values( 'DC0010','NAME',''); 
insert into ui_dc_field (UIDC_CODE, FIELD_NAME,DESCRIPTION) values( 'DC0011','CONVERSION_FACTOR',''); 
insert into ui_dc_field (UIDC_CODE, FIELD_NAME,DESCRIPTION) values( 'DC0011','CONVERSION_TYPE',''); 
insert into ui_dc_field (UIDC_CODE, FIELD_NAME,DESCRIPTION) values( 'DC0011','CREATEDBY',''); 
insert into ui_dc_field (UIDC_CODE, FIELD_NAME,DESCRIPTION) values( 'DC0011','CREATEDON',''); 
insert into ui_dc_field (UIDC_CODE, FIELD_NAME,DESCRIPTION) values( 'DC0011','ID',''); 
insert into ui_dc_field (UIDC_CODE, FIELD_NAME,DESCRIPTION) values( 'DC0011','MODIFIEDBY',''); 
insert into ui_dc_field (UIDC_CODE, FIELD_NAME,DESCRIPTION) values( 'DC0011','MODIFIEDON',''); 
insert into ui_dc_field (UIDC_CODE, FIELD_NAME,DESCRIPTION) values( 'DC0011','UOM_FROM',''); 
insert into ui_dc_field (UIDC_CODE, FIELD_NAME,DESCRIPTION) values( 'DC0011','UOM_TO',''); 
insert into ui_dc_field (UIDC_CODE, FIELD_NAME,DESCRIPTION) values( 'DC0012','CREATEDBY',''); 
insert into ui_dc_field (UIDC_CODE, FIELD_NAME,DESCRIPTION) values( 'DC0012','CREATEDON',''); 
insert into ui_dc_field (UIDC_CODE, FIELD_NAME,DESCRIPTION) values( 'DC0012','CURRENCY_FROM',''); 
insert into ui_dc_field (UIDC_CODE, FIELD_NAME,DESCRIPTION) values( 'DC0012','CURRENCY_TO',''); 
insert into ui_dc_field (UIDC_CODE, FIELD_NAME,DESCRIPTION) values( 'DC0012','ID',''); 
insert into ui_dc_field (UIDC_CODE, FIELD_NAME,DESCRIPTION) values( 'DC0012','MODIFIEDBY',''); 
insert into ui_dc_field (UIDC_CODE, FIELD_NAME,DESCRIPTION) values( 'DC0012','MODIFIEDON',''); 
insert into ui_dc_field (UIDC_CODE, FIELD_NAME,DESCRIPTION) values( 'DC0012','VALID_FROM',''); 
insert into ui_dc_field (UIDC_CODE, FIELD_NAME,DESCRIPTION) values( 'DC0012','VALID_TO',''); 
insert into ui_dc_field (UIDC_CODE, FIELD_NAME,DESCRIPTION) values( 'DC0012','XRATE',''); 
insert into ui_dc_field (UIDC_CODE, FIELD_NAME,DESCRIPTION) values( 'DC0013','ACTIVE',''); 
insert into ui_dc_field (UIDC_CODE, FIELD_NAME,DESCRIPTION) values( 'DC0013','CITY_ID',''); 
insert into ui_dc_field (UIDC_CODE, FIELD_NAME,DESCRIPTION) values( 'DC0013','CITY_NAME',''); 
insert into ui_dc_field (UIDC_CODE, FIELD_NAME,DESCRIPTION) values( 'DC0013','COUNTRY_CODE',''); 
insert into ui_dc_field (UIDC_CODE, FIELD_NAME,DESCRIPTION) values( 'DC0013','CREATEDBY',''); 
insert into ui_dc_field (UIDC_CODE, FIELD_NAME,DESCRIPTION) values( 'DC0013','CREATEDON',''); 
insert into ui_dc_field (UIDC_CODE, FIELD_NAME,DESCRIPTION) values( 'DC0013','ID',''); 
insert into ui_dc_field (UIDC_CODE, FIELD_NAME,DESCRIPTION) values( 'DC0013','MODIFIEDBY',''); 
insert into ui_dc_field (UIDC_CODE, FIELD_NAME,DESCRIPTION) values( 'DC0013','MODIFIEDON',''); 
insert into ui_dc_field (UIDC_CODE, FIELD_NAME,DESCRIPTION) values( 'DC0013','NAME',''); 
insert into ui_dc_field (UIDC_CODE, FIELD_NAME,DESCRIPTION) values( 'DC0013','REGION_CODE',''); 
insert into ui_dc_field (UIDC_CODE, FIELD_NAME,DESCRIPTION) values( 'DC0014','BPARTNER_ID',''); 
insert into ui_dc_field (UIDC_CODE, FIELD_NAME,DESCRIPTION) values( 'DC0014','BPARTNER_TYPE',''); 
insert into ui_dc_field (UIDC_CODE, FIELD_NAME,DESCRIPTION) values( 'DC0014','CLIENT_CODE',''); 
insert into ui_dc_field (UIDC_CODE, FIELD_NAME,DESCRIPTION) values( 'DC0014','CLIENT_ID',''); 
insert into ui_dc_field (UIDC_CODE, FIELD_NAME,DESCRIPTION) values( 'DC0014','CODE',''); 
insert into ui_dc_field (UIDC_CODE, FIELD_NAME,DESCRIPTION) values( 'DC0014','COMPANY_REG_NR',''); 
insert into ui_dc_field (UIDC_CODE, FIELD_NAME,DESCRIPTION) values( 'DC0014','COPIED_FROM_BPARTNER_ID',''); 
insert into ui_dc_field (UIDC_CODE, FIELD_NAME,DESCRIPTION) values( 'DC0014','CREATEDBY',''); 
insert into ui_dc_field (UIDC_CODE, FIELD_NAME,DESCRIPTION) values( 'DC0014','CREATEDON',''); 
insert into ui_dc_field (UIDC_CODE, FIELD_NAME,DESCRIPTION) values( 'DC0014','CREDITCLASS_CODE',''); 
insert into ui_dc_field (UIDC_CODE, FIELD_NAME,DESCRIPTION) values( 'DC0014','CUSTGROUP_CODE',''); 
insert into ui_dc_field (UIDC_CODE, FIELD_NAME,DESCRIPTION) values( 'DC0014','EMAIL',''); 
insert into ui_dc_field (UIDC_CODE, FIELD_NAME,DESCRIPTION) values( 'DC0014','FAX',''); 
insert into ui_dc_field (UIDC_CODE, FIELD_NAME,DESCRIPTION) values( 'DC0014','ID',''); 
insert into ui_dc_field (UIDC_CODE, FIELD_NAME,DESCRIPTION) values( 'DC0014','IS_CUSTOMER',''); 
insert into ui_dc_field (UIDC_CODE, FIELD_NAME,DESCRIPTION) values( 'DC0014','IS_EMPLOYEE',''); 
insert into ui_dc_field (UIDC_CODE, FIELD_NAME,DESCRIPTION) values( 'DC0014','IS_ONETIME',''); 
insert into ui_dc_field (UIDC_CODE, FIELD_NAME,DESCRIPTION) values( 'DC0014','IS_VENDOR',''); 
insert into ui_dc_field (UIDC_CODE, FIELD_NAME,DESCRIPTION) values( 'DC0014','MAX_CREDIT_LIMIT',''); 
insert into ui_dc_field (UIDC_CODE, FIELD_NAME,DESCRIPTION) values( 'DC0014','MAX_PAYMENT_TERM',''); 
insert into ui_dc_field (UIDC_CODE, FIELD_NAME,DESCRIPTION) values( 'DC0014','MODIFIEDBY',''); 
insert into ui_dc_field (UIDC_CODE, FIELD_NAME,DESCRIPTION) values( 'DC0014','MODIFIEDON',''); 
insert into ui_dc_field (UIDC_CODE, FIELD_NAME,DESCRIPTION) values( 'DC0014','NAME',''); 
insert into ui_dc_field (UIDC_CODE, FIELD_NAME,DESCRIPTION) values( 'DC0014','PAYMETHOD_CODE',''); 
insert into ui_dc_field (UIDC_CODE, FIELD_NAME,DESCRIPTION) values( 'DC0014','PAYTERMCLASS_CODE',''); 
insert into ui_dc_field (UIDC_CODE, FIELD_NAME,DESCRIPTION) values( 'DC0014','PHONE',''); 
insert into ui_dc_field (UIDC_CODE, FIELD_NAME,DESCRIPTION) values( 'DC0014','TAX_NUMBER',''); 
insert into ui_dc_field (UIDC_CODE, FIELD_NAME,DESCRIPTION) values( 'DC0014','TAX_NUMBER_TYPE',''); 
insert into ui_dc_field (UIDC_CODE, FIELD_NAME,DESCRIPTION) values( 'DC0015','ADRESS',''); 
insert into ui_dc_field (UIDC_CODE, FIELD_NAME,DESCRIPTION) values( 'DC0015','ADRESS_TYPE',''); 
insert into ui_dc_field (UIDC_CODE, FIELD_NAME,DESCRIPTION) values( 'DC0015','APT',''); 
insert into ui_dc_field (UIDC_CODE, FIELD_NAME,DESCRIPTION) values( 'DC0015','BPARTNER_ID',''); 
insert into ui_dc_field (UIDC_CODE, FIELD_NAME,DESCRIPTION) values( 'DC0015','BUILDING',''); 
insert into ui_dc_field (UIDC_CODE, FIELD_NAME,DESCRIPTION) values( 'DC0015','CITY',''); 
insert into ui_dc_field (UIDC_CODE, FIELD_NAME,DESCRIPTION) values( 'DC0015','CITY_ID',''); 
insert into ui_dc_field (UIDC_CODE, FIELD_NAME,DESCRIPTION) values( 'DC0015','COUNTRY_CODE',''); 
insert into ui_dc_field (UIDC_CODE, FIELD_NAME,DESCRIPTION) values( 'DC0015','CREATEDBY',''); 
insert into ui_dc_field (UIDC_CODE, FIELD_NAME,DESCRIPTION) values( 'DC0015','CREATEDON',''); 
insert into ui_dc_field (UIDC_CODE, FIELD_NAME,DESCRIPTION) values( 'DC0015','ENTRANCE',''); 
insert into ui_dc_field (UIDC_CODE, FIELD_NAME,DESCRIPTION) values( 'DC0015','FLOOR',''); 
insert into ui_dc_field (UIDC_CODE, FIELD_NAME,DESCRIPTION) values( 'DC0015','ID',''); 
insert into ui_dc_field (UIDC_CODE, FIELD_NAME,DESCRIPTION) values( 'DC0015','IS_BILLING',''); 
insert into ui_dc_field (UIDC_CODE, FIELD_NAME,DESCRIPTION) values( 'DC0015','IS_DELIVERY',''); 
insert into ui_dc_field (UIDC_CODE, FIELD_NAME,DESCRIPTION) values( 'DC0015','IS_DETAILED',''); 
insert into ui_dc_field (UIDC_CODE, FIELD_NAME,DESCRIPTION) values( 'DC0015','MODIFIEDBY',''); 
insert into ui_dc_field (UIDC_CODE, FIELD_NAME,DESCRIPTION) values( 'DC0015','MODIFIEDON',''); 
insert into ui_dc_field (UIDC_CODE, FIELD_NAME,DESCRIPTION) values( 'DC0015','NAME',''); 
insert into ui_dc_field (UIDC_CODE, FIELD_NAME,DESCRIPTION) values( 'DC0015','NO',''); 
insert into ui_dc_field (UIDC_CODE, FIELD_NAME,DESCRIPTION) values( 'DC0015','NOTES',''); 
insert into ui_dc_field (UIDC_CODE, FIELD_NAME,DESCRIPTION) values( 'DC0015','REGION_CODE',''); 
insert into ui_dc_field (UIDC_CODE, FIELD_NAME,DESCRIPTION) values( 'DC0015','STREET',''); 
insert into ui_dc_field (UIDC_CODE, FIELD_NAME,DESCRIPTION) values( 'DC0015','STREET_ID',''); 
insert into ui_dc_field (UIDC_CODE, FIELD_NAME,DESCRIPTION) values( 'DC0015','ZIP',''); 
insert into ui_dc_field (UIDC_CODE, FIELD_NAME,DESCRIPTION) values( 'DC0016','CLIENT_CODE',''); 
insert into ui_dc_field (UIDC_CODE, FIELD_NAME,DESCRIPTION) values( 'DC0016','CLIENT_ID',''); 
insert into ui_dc_field (UIDC_CODE, FIELD_NAME,DESCRIPTION) values( 'DC0016','CLIENT_NAME',''); 
insert into ui_dc_field (UIDC_CODE, FIELD_NAME,DESCRIPTION) values( 'DC0016','CODE',''); 
insert into ui_dc_field (UIDC_CODE, FIELD_NAME,DESCRIPTION) values( 'DC0016','CONTENT',''); 
insert into ui_dc_field (UIDC_CODE, FIELD_NAME,DESCRIPTION) values( 'DC0016','CREATEDBY',''); 
insert into ui_dc_field (UIDC_CODE, FIELD_NAME,DESCRIPTION) values( 'DC0016','CREATEDON',''); 
insert into ui_dc_field (UIDC_CODE, FIELD_NAME,DESCRIPTION) values( 'DC0016','DECLARED_VALUE',''); 
insert into ui_dc_field (UIDC_CODE, FIELD_NAME,DESCRIPTION) values( 'DC0016','DELIVERED',''); 
insert into ui_dc_field (UIDC_CODE, FIELD_NAME,DESCRIPTION) values( 'DC0016','DELIVERED_TO_IDENT',''); 
insert into ui_dc_field (UIDC_CODE, FIELD_NAME,DESCRIPTION) values( 'DC0016','DELIVERED_TO_NAME',''); 
insert into ui_dc_field (UIDC_CODE, FIELD_NAME,DESCRIPTION) values( 'DC0016','DELIVERY_AGENT_CODE',''); 
insert into ui_dc_field (UIDC_CODE, FIELD_NAME,DESCRIPTION) values( 'DC0016','DELIVERY_DATE',''); 
insert into ui_dc_field (UIDC_CODE, FIELD_NAME,DESCRIPTION) values( 'DC0016','DELIVERY_MODE',''); 
insert into ui_dc_field (UIDC_CODE, FIELD_NAME,DESCRIPTION) values( 'DC0016','DEST_ADRESS_NOTE',''); 
insert into ui_dc_field (UIDC_CODE, FIELD_NAME,DESCRIPTION) values( 'DC0016','DEST_BPADRESS',''); 
insert into ui_dc_field (UIDC_CODE, FIELD_NAME,DESCRIPTION) values( 'DC0016','DEST_BPADRESS_ID',''); 
insert into ui_dc_field (UIDC_CODE, FIELD_NAME,DESCRIPTION) values( 'DC0016','DEST_BPARTNER_ID',''); 
insert into ui_dc_field (UIDC_CODE, FIELD_NAME,DESCRIPTION) values( 'DC0016','DEST_CITY',''); 
insert into ui_dc_field (UIDC_CODE, FIELD_NAME,DESCRIPTION) values( 'DC0016','DEST_CITY_ID',''); 
insert into ui_dc_field (UIDC_CODE, FIELD_NAME,DESCRIPTION) values( 'DC0016','DEST_COUNTRY',''); 
insert into ui_dc_field (UIDC_CODE, FIELD_NAME,DESCRIPTION) values( 'DC0016','DEST_NAME',''); 
insert into ui_dc_field (UIDC_CODE, FIELD_NAME,DESCRIPTION) values( 'DC0016','DEST_REGION',''); 
insert into ui_dc_field (UIDC_CODE, FIELD_NAME,DESCRIPTION) values( 'DC0016','DEST_ZIP',''); 
insert into ui_dc_field (UIDC_CODE, FIELD_NAME,DESCRIPTION) values( 'DC0016','EXP_ADRESS_NOTE',''); 
insert into ui_dc_field (UIDC_CODE, FIELD_NAME,DESCRIPTION) values( 'DC0016','EXP_BPADRESS',''); 
insert into ui_dc_field (UIDC_CODE, FIELD_NAME,DESCRIPTION) values( 'DC0016','EXP_BPADRESS_ID',''); 
insert into ui_dc_field (UIDC_CODE, FIELD_NAME,DESCRIPTION) values( 'DC0016','EXP_BPARTNER_ID',''); 
insert into ui_dc_field (UIDC_CODE, FIELD_NAME,DESCRIPTION) values( 'DC0016','EXP_CITY',''); 
insert into ui_dc_field (UIDC_CODE, FIELD_NAME,DESCRIPTION) values( 'DC0016','EXP_CITY_ID',''); 
insert into ui_dc_field (UIDC_CODE, FIELD_NAME,DESCRIPTION) values( 'DC0016','EXP_COUNTRY',''); 
insert into ui_dc_field (UIDC_CODE, FIELD_NAME,DESCRIPTION) values( 'DC0016','EXP_NAME',''); 
insert into ui_dc_field (UIDC_CODE, FIELD_NAME,DESCRIPTION) values( 'DC0016','EXP_REGION',''); 
insert into ui_dc_field (UIDC_CODE, FIELD_NAME,DESCRIPTION) values( 'DC0016','EXP_ZIP',''); 
insert into ui_dc_field (UIDC_CODE, FIELD_NAME,DESCRIPTION) values( 'DC0016','ID',''); 
insert into ui_dc_field (UIDC_CODE, FIELD_NAME,DESCRIPTION) values( 'DC0016','INSURED_VALUE',''); 
insert into ui_dc_field (UIDC_CODE, FIELD_NAME,DESCRIPTION) values( 'DC0016','MODIFIEDBY',''); 
insert into ui_dc_field (UIDC_CODE, FIELD_NAME,DESCRIPTION) values( 'DC0016','MODIFIEDON',''); 
insert into ui_dc_field (UIDC_CODE, FIELD_NAME,DESCRIPTION) values( 'DC0016','NOTES',''); 
insert into ui_dc_field (UIDC_CODE, FIELD_NAME,DESCRIPTION) values( 'DC0016','PACKAGE_COUNT',''); 
insert into ui_dc_field (UIDC_CODE, FIELD_NAME,DESCRIPTION) values( 'DC0016','PICKEDUP',''); 
insert into ui_dc_field (UIDC_CODE, FIELD_NAME,DESCRIPTION) values( 'DC0016','PICKUP_AGENT_CODE',''); 
insert into ui_dc_field (UIDC_CODE, FIELD_NAME,DESCRIPTION) values( 'DC0016','PICKUP_DATE',''); 
insert into ui_dc_field (UIDC_CODE, FIELD_NAME,DESCRIPTION) values( 'DC0016','PICKUP_MODE',''); 
insert into ui_dc_field (UIDC_CODE, FIELD_NAME,DESCRIPTION) values( 'DC0016','REF_PARCEL_ID',''); 
insert into ui_dc_field (UIDC_CODE, FIELD_NAME,DESCRIPTION) values( 'DC0016','REF_PARCEL_REFERENCE_TYPE',''); 
insert into ui_dc_field (UIDC_CODE, FIELD_NAME,DESCRIPTION) values( 'DC0016','REJECTED',''); 
insert into ui_dc_field (UIDC_CODE, FIELD_NAME,DESCRIPTION) values( 'DC0016','REJECTED_BY_IDENT',''); 
insert into ui_dc_field (UIDC_CODE, FIELD_NAME,DESCRIPTION) values( 'DC0016','REJECTED_BY_NAME',''); 
insert into ui_dc_field (UIDC_CODE, FIELD_NAME,DESCRIPTION) values( 'DC0016','REJECT_DATE',''); 
insert into ui_dc_field (UIDC_CODE, FIELD_NAME,DESCRIPTION) values( 'DC0016','REJECT_REASON',''); 
insert into ui_dc_field (UIDC_CODE, FIELD_NAME,DESCRIPTION) values( 'DC0017','ACTIVE',''); 
insert into ui_dc_field (UIDC_CODE, FIELD_NAME,DESCRIPTION) values( 'DC0017','CODE',''); 
insert into ui_dc_field (UIDC_CODE, FIELD_NAME,DESCRIPTION) values( 'DC0017','ID',''); 
insert into ui_dc_field (UIDC_CODE, FIELD_NAME,DESCRIPTION) values( 'DC0017','NAME',''); 
insert into ui_dc_field (UIDC_CODE, FIELD_NAME,DESCRIPTION) values( 'DC0018','BANKAG_CODE',''); 
insert into ui_dc_field (UIDC_CODE, FIELD_NAME,DESCRIPTION) values( 'DC0018','BANK_CODE',''); 
insert into ui_dc_field (UIDC_CODE, FIELD_NAME,DESCRIPTION) values( 'DC0018','BPARTNER_ID',''); 
insert into ui_dc_field (UIDC_CODE, FIELD_NAME,DESCRIPTION) values( 'DC0018','CREATEDBY',''); 
insert into ui_dc_field (UIDC_CODE, FIELD_NAME,DESCRIPTION) values( 'DC0018','CREATEDON',''); 
insert into ui_dc_field (UIDC_CODE, FIELD_NAME,DESCRIPTION) values( 'DC0018','CURRENCY',''); 
insert into ui_dc_field (UIDC_CODE, FIELD_NAME,DESCRIPTION) values( 'DC0018','IBAN',''); 
insert into ui_dc_field (UIDC_CODE, FIELD_NAME,DESCRIPTION) values( 'DC0018','ID',''); 
insert into ui_dc_field (UIDC_CODE, FIELD_NAME,DESCRIPTION) values( 'DC0018','MODIFIEDBY',''); 
insert into ui_dc_field (UIDC_CODE, FIELD_NAME,DESCRIPTION) values( 'DC0018','MODIFIEDON',''); 
insert into ui_dc_field (UIDC_CODE, FIELD_NAME,DESCRIPTION) values( 'DC0019','ASSIGNED_TO',''); 
insert into ui_dc_field (UIDC_CODE, FIELD_NAME,DESCRIPTION) values( 'DC0019','CLOSED',''); 
insert into ui_dc_field (UIDC_CODE, FIELD_NAME,DESCRIPTION) values( 'DC0019','CREATEDBY',''); 
insert into ui_dc_field (UIDC_CODE, FIELD_NAME,DESCRIPTION) values( 'DC0019','CREATEDON',''); 
insert into ui_dc_field (UIDC_CODE, FIELD_NAME,DESCRIPTION) values( 'DC0019','FINISH_DATE',''); 
insert into ui_dc_field (UIDC_CODE, FIELD_NAME,DESCRIPTION) values( 'DC0019','ID',''); 
insert into ui_dc_field (UIDC_CODE, FIELD_NAME,DESCRIPTION) values( 'DC0019','MODIFIEDBY',''); 
insert into ui_dc_field (UIDC_CODE, FIELD_NAME,DESCRIPTION) values( 'DC0019','MODIFIEDON',''); 
insert into ui_dc_field (UIDC_CODE, FIELD_NAME,DESCRIPTION) values( 'DC0019','NOTES',''); 
insert into ui_dc_field (UIDC_CODE, FIELD_NAME,DESCRIPTION) values( 'DC0019','START_DATE',''); 
insert into ui_dc_field (UIDC_CODE, FIELD_NAME,DESCRIPTION) values( 'DC0019','STATUS',''); 
insert into ui_dc_field (UIDC_CODE, FIELD_NAME,DESCRIPTION) values( 'DC0019','TITLE',''); 
insert into ui_dc_field (UIDC_CODE, FIELD_NAME,DESCRIPTION) values( 'DC0020','CREATEDBY',''); 
insert into ui_dc_field (UIDC_CODE, FIELD_NAME,DESCRIPTION) values( 'DC0020','CREATEDON',''); 
insert into ui_dc_field (UIDC_CODE, FIELD_NAME,DESCRIPTION) values( 'DC0020','CURRENCY',''); 
insert into ui_dc_field (UIDC_CODE, FIELD_NAME,DESCRIPTION) values( 'DC0020','CURRENCY_XRATE',''); 
insert into ui_dc_field (UIDC_CODE, FIELD_NAME,DESCRIPTION) values( 'DC0020','ID',''); 
insert into ui_dc_field (UIDC_CODE, FIELD_NAME,DESCRIPTION) values( 'DC0020','IINVITEM_ID',''); 
insert into ui_dc_field (UIDC_CODE, FIELD_NAME,DESCRIPTION) values( 'DC0020','IINV_ID',''); 
insert into ui_dc_field (UIDC_CODE, FIELD_NAME,DESCRIPTION) values( 'DC0020','LINE_NO',''); 
insert into ui_dc_field (UIDC_CODE, FIELD_NAME,DESCRIPTION) values( 'DC0020','MODIFIEDBY',''); 
insert into ui_dc_field (UIDC_CODE, FIELD_NAME,DESCRIPTION) values( 'DC0020','MODIFIEDON',''); 
insert into ui_dc_field (UIDC_CODE, FIELD_NAME,DESCRIPTION) values( 'DC0020','NET_AMOUNT',''); 
insert into ui_dc_field (UIDC_CODE, FIELD_NAME,DESCRIPTION) values( 'DC0020','NOTES',''); 
insert into ui_dc_field (UIDC_CODE, FIELD_NAME,DESCRIPTION) values( 'DC0020','ORIG_CURRENCY',''); 
insert into ui_dc_field (UIDC_CODE, FIELD_NAME,DESCRIPTION) values( 'DC0020','ORIG_PRICE',''); 
insert into ui_dc_field (UIDC_CODE, FIELD_NAME,DESCRIPTION) values( 'DC0020','PRICE',''); 
insert into ui_dc_field (UIDC_CODE, FIELD_NAME,DESCRIPTION) values( 'DC0020','PROD_CODE',''); 
insert into ui_dc_field (UIDC_CODE, FIELD_NAME,DESCRIPTION) values( 'DC0020','PROD_ID',''); 
insert into ui_dc_field (UIDC_CODE, FIELD_NAME,DESCRIPTION) values( 'DC0020','PROD_NAME',''); 
insert into ui_dc_field (UIDC_CODE, FIELD_NAME,DESCRIPTION) values( 'DC0020','QUANTITY',''); 
insert into ui_dc_field (UIDC_CODE, FIELD_NAME,DESCRIPTION) values( 'DC0020','QUANTITY_UNIT',''); 
insert into ui_dc_field (UIDC_CODE, FIELD_NAME,DESCRIPTION) values( 'DC0020','SALES_ACCT',''); 
insert into ui_dc_field (UIDC_CODE, FIELD_NAME,DESCRIPTION) values( 'DC0020','TAX_AMOUNT',''); 
insert into ui_dc_field (UIDC_CODE, FIELD_NAME,DESCRIPTION) values( 'DC0020','TAX_ID',''); 
insert into ui_dc_field (UIDC_CODE, FIELD_NAME,DESCRIPTION) values( 'DC0020','TAX_NAME',''); 
insert into ui_dc_field (UIDC_CODE, FIELD_NAME,DESCRIPTION) values( 'DC0020','TAX_RATE',''); 
insert into ui_dc_field (UIDC_CODE, FIELD_NAME,DESCRIPTION) values( 'DC0021','CODE',''); 
insert into ui_dc_field (UIDC_CODE, FIELD_NAME,DESCRIPTION) values( 'DC0021','CREATEDBY',''); 
insert into ui_dc_field (UIDC_CODE, FIELD_NAME,DESCRIPTION) values( 'DC0021','CREATEDON',''); 
insert into ui_dc_field (UIDC_CODE, FIELD_NAME,DESCRIPTION) values( 'DC0021','DEPRECATED',''); 
insert into ui_dc_field (UIDC_CODE, FIELD_NAME,DESCRIPTION) values( 'DC0021','ID',''); 
insert into ui_dc_field (UIDC_CODE, FIELD_NAME,DESCRIPTION) values( 'DC0021','MODIFIEDBY',''); 
insert into ui_dc_field (UIDC_CODE, FIELD_NAME,DESCRIPTION) values( 'DC0021','MODIFIEDON',''); 
insert into ui_dc_field (UIDC_CODE, FIELD_NAME,DESCRIPTION) values( 'DC0021','NAME',''); 
insert into ui_dc_field (UIDC_CODE, FIELD_NAME,DESCRIPTION) values( 'DC0021','NBS_STANDARD',''); 
insert into ui_dc_field (UIDC_CODE, FIELD_NAME,DESCRIPTION) values( 'DC0021','USER_BUILD',''); 
insert into ui_dc_field (UIDC_CODE, FIELD_NAME,DESCRIPTION) values( 'DC0022','ACTIVE',''); 
insert into ui_dc_field (UIDC_CODE, FIELD_NAME,DESCRIPTION) values( 'DC0022','CODE',''); 
insert into ui_dc_field (UIDC_CODE, FIELD_NAME,DESCRIPTION) values( 'DC0022','CREATEDBY',''); 
insert into ui_dc_field (UIDC_CODE, FIELD_NAME,DESCRIPTION) values( 'DC0022','CREATEDON',''); 
insert into ui_dc_field (UIDC_CODE, FIELD_NAME,DESCRIPTION) values( 'DC0022','ID',''); 
insert into ui_dc_field (UIDC_CODE, FIELD_NAME,DESCRIPTION) values( 'DC0022','LINK',''); 
insert into ui_dc_field (UIDC_CODE, FIELD_NAME,DESCRIPTION) values( 'DC0022','MENUBAR_CODE',''); 
insert into ui_dc_field (UIDC_CODE, FIELD_NAME,DESCRIPTION) values( 'DC0022','MENUITEM_ID',''); 
insert into ui_dc_field (UIDC_CODE, FIELD_NAME,DESCRIPTION) values( 'DC0022','MODIFIEDBY',''); 
insert into ui_dc_field (UIDC_CODE, FIELD_NAME,DESCRIPTION) values( 'DC0022','MODIFIEDON',''); 
insert into ui_dc_field (UIDC_CODE, FIELD_NAME,DESCRIPTION) values( 'DC0022','NAME',''); 
insert into ui_dc_field (UIDC_CODE, FIELD_NAME,DESCRIPTION) values( 'DC0022','PARENT_MENU',''); 
insert into ui_dc_field (UIDC_CODE, FIELD_NAME,DESCRIPTION) values( 'DC0022','POSITION',''); 
insert into ui_dc_field (UIDC_CODE, FIELD_NAME,DESCRIPTION) values( 'DC0022','TARGET',''); 
insert into ui_dc_field (UIDC_CODE, FIELD_NAME,DESCRIPTION) values( 'DC0023','CLIENT_CODE',''); 
insert into ui_dc_field (UIDC_CODE, FIELD_NAME,DESCRIPTION) values( 'DC0023','CLIENT_ID',''); 
insert into ui_dc_field (UIDC_CODE, FIELD_NAME,DESCRIPTION) values( 'DC0023','CLIENT_NAME',''); 
insert into ui_dc_field (UIDC_CODE, FIELD_NAME,DESCRIPTION) values( 'DC0023','CLOSED',''); 
insert into ui_dc_field (UIDC_CODE, FIELD_NAME,DESCRIPTION) values( 'DC0023','CODE',''); 
insert into ui_dc_field (UIDC_CODE, FIELD_NAME,DESCRIPTION) values( 'DC0023','CREATEDBY',''); 
insert into ui_dc_field (UIDC_CODE, FIELD_NAME,DESCRIPTION) values( 'DC0023','CREATEDON',''); 
insert into ui_dc_field (UIDC_CODE, FIELD_NAME,DESCRIPTION) values( 'DC0023','ENDDATE',''); 
insert into ui_dc_field (UIDC_CODE, FIELD_NAME,DESCRIPTION) values( 'DC0023','ID',''); 
insert into ui_dc_field (UIDC_CODE, FIELD_NAME,DESCRIPTION) values( 'DC0023','IS_FIRST_YEAR',''); 
insert into ui_dc_field (UIDC_CODE, FIELD_NAME,DESCRIPTION) values( 'DC0023','MODIFIEDBY',''); 
insert into ui_dc_field (UIDC_CODE, FIELD_NAME,DESCRIPTION) values( 'DC0023','MODIFIEDON',''); 
insert into ui_dc_field (UIDC_CODE, FIELD_NAME,DESCRIPTION) values( 'DC0023','NAME',''); 
insert into ui_dc_field (UIDC_CODE, FIELD_NAME,DESCRIPTION) values( 'DC0023','NEXT_YEAR_NAME',''); 
insert into ui_dc_field (UIDC_CODE, FIELD_NAME,DESCRIPTION) values( 'DC0023','NOTES',''); 
insert into ui_dc_field (UIDC_CODE, FIELD_NAME,DESCRIPTION) values( 'DC0023','OPENED',''); 
insert into ui_dc_field (UIDC_CODE, FIELD_NAME,DESCRIPTION) values( 'DC0023','PREV_YEAR_CODE',''); 
insert into ui_dc_field (UIDC_CODE, FIELD_NAME,DESCRIPTION) values( 'DC0023','PREV_YEAR_NAME',''); 
insert into ui_dc_field (UIDC_CODE, FIELD_NAME,DESCRIPTION) values( 'DC0023','STARTDATE',''); 
insert into ui_dc_field (UIDC_CODE, FIELD_NAME,DESCRIPTION) values( 'DC0024','ACCYEAR',''); 
insert into ui_dc_field (UIDC_CODE, FIELD_NAME,DESCRIPTION) values( 'DC0024','ACCYEAR_CODE',''); 
insert into ui_dc_field (UIDC_CODE, FIELD_NAME,DESCRIPTION) values( 'DC0024','CLIENT_CODE',''); 
insert into ui_dc_field (UIDC_CODE, FIELD_NAME,DESCRIPTION) values( 'DC0024','CLIENT_ID',''); 
insert into ui_dc_field (UIDC_CODE, FIELD_NAME,DESCRIPTION) values( 'DC0024','CLIENT_NAME',''); 
insert into ui_dc_field (UIDC_CODE, FIELD_NAME,DESCRIPTION) values( 'DC0024','CLOSED',''); 
insert into ui_dc_field (UIDC_CODE, FIELD_NAME,DESCRIPTION) values( 'DC0024','CODE',''); 
insert into ui_dc_field (UIDC_CODE, FIELD_NAME,DESCRIPTION) values( 'DC0024','CREATEDBY',''); 
insert into ui_dc_field (UIDC_CODE, FIELD_NAME,DESCRIPTION) values( 'DC0024','CREATEDON',''); 
insert into ui_dc_field (UIDC_CODE, FIELD_NAME,DESCRIPTION) values( 'DC0024','ENDDATE',''); 
insert into ui_dc_field (UIDC_CODE, FIELD_NAME,DESCRIPTION) values( 'DC0024','ID',''); 
insert into ui_dc_field (UIDC_CODE, FIELD_NAME,DESCRIPTION) values( 'DC0024','IS_FIRST_PERIOD',''); 
insert into ui_dc_field (UIDC_CODE, FIELD_NAME,DESCRIPTION) values( 'DC0024','MODIFIEDBY',''); 
insert into ui_dc_field (UIDC_CODE, FIELD_NAME,DESCRIPTION) values( 'DC0024','MODIFIEDON',''); 
insert into ui_dc_field (UIDC_CODE, FIELD_NAME,DESCRIPTION) values( 'DC0024','NAME',''); 
insert into ui_dc_field (UIDC_CODE, FIELD_NAME,DESCRIPTION) values( 'DC0024','NOTES',''); 
insert into ui_dc_field (UIDC_CODE, FIELD_NAME,DESCRIPTION) values( 'DC0024','OPENED',''); 
insert into ui_dc_field (UIDC_CODE, FIELD_NAME,DESCRIPTION) values( 'DC0024','PERIODTYPE',''); 
insert into ui_dc_field (UIDC_CODE, FIELD_NAME,DESCRIPTION) values( 'DC0024','PREV_PERIOD_NAME',''); 
insert into ui_dc_field (UIDC_CODE, FIELD_NAME,DESCRIPTION) values( 'DC0024','PROCESSING',''); 
insert into ui_dc_field (UIDC_CODE, FIELD_NAME,DESCRIPTION) values( 'DC0024','STARTDATE',''); 
insert into ui_dc_field (UIDC_CODE, FIELD_NAME,DESCRIPTION) values( 'DC0025','CODE',''); 
insert into ui_dc_field (UIDC_CODE, FIELD_NAME,DESCRIPTION) values( 'DC0025','DESCRIPTION',''); 
insert into ui_dc_field (UIDC_CODE, FIELD_NAME,DESCRIPTION) values( 'DC0025','ID',''); 
insert into ui_dc_field (UIDC_CODE, FIELD_NAME,DESCRIPTION) values( 'DC0025','NAME',''); 
insert into ui_dc_field (UIDC_CODE, FIELD_NAME,DESCRIPTION) values( 'DC0026','ACCDOC_ID',''); 
insert into ui_dc_field (UIDC_CODE, FIELD_NAME,DESCRIPTION) values( 'DC0026','ACCDOC_NAME',''); 
insert into ui_dc_field (UIDC_CODE, FIELD_NAME,DESCRIPTION) values( 'DC0026','ACCT',''); 
insert into ui_dc_field (UIDC_CODE, FIELD_NAME,DESCRIPTION) values( 'DC0026','CLIENT_ID',''); 
insert into ui_dc_field (UIDC_CODE, FIELD_NAME,DESCRIPTION) values( 'DC0026','CLIENT_NAME',''); 
insert into ui_dc_field (UIDC_CODE, FIELD_NAME,DESCRIPTION) values( 'DC0026','CREATEDBY',''); 
insert into ui_dc_field (UIDC_CODE, FIELD_NAME,DESCRIPTION) values( 'DC0026','CREATEDON',''); 
insert into ui_dc_field (UIDC_CODE, FIELD_NAME,DESCRIPTION) values( 'DC0026','DOC_CURRENCY',''); 
insert into ui_dc_field (UIDC_CODE, FIELD_NAME,DESCRIPTION) values( 'DC0026','DOC_DATE',''); 
insert into ui_dc_field (UIDC_CODE, FIELD_NAME,DESCRIPTION) values( 'DC0026','DOC_NO',''); 
insert into ui_dc_field (UIDC_CODE, FIELD_NAME,DESCRIPTION) values( 'DC0026','DOC_TYPE',''); 
insert into ui_dc_field (UIDC_CODE, FIELD_NAME,DESCRIPTION) values( 'DC0026','DUE_DATE',''); 
insert into ui_dc_field (UIDC_CODE, FIELD_NAME,DESCRIPTION) values( 'DC0026','ID',''); 
insert into ui_dc_field (UIDC_CODE, FIELD_NAME,DESCRIPTION) values( 'DC0026','INSERTEDBY',''); 
insert into ui_dc_field (UIDC_CODE, FIELD_NAME,DESCRIPTION) values( 'DC0026','INSERTEDON',''); 
insert into ui_dc_field (UIDC_CODE, FIELD_NAME,DESCRIPTION) values( 'DC0026','ISSUER_ID',''); 
insert into ui_dc_field (UIDC_CODE, FIELD_NAME,DESCRIPTION) values( 'DC0026','ISSUER_NAME',''); 
insert into ui_dc_field (UIDC_CODE, FIELD_NAME,DESCRIPTION) values( 'DC0026','IS_INSERTED',''); 
insert into ui_dc_field (UIDC_CODE, FIELD_NAME,DESCRIPTION) values( 'DC0026','IS_PAYABLE',''); 
insert into ui_dc_field (UIDC_CODE, FIELD_NAME,DESCRIPTION) values( 'DC0026','IS_PAYED',''); 
insert into ui_dc_field (UIDC_CODE, FIELD_NAME,DESCRIPTION) values( 'DC0026','IS_POSTED',''); 
insert into ui_dc_field (UIDC_CODE, FIELD_NAME,DESCRIPTION) values( 'DC0026','LIAB_ACCT',''); 
insert into ui_dc_field (UIDC_CODE, FIELD_NAME,DESCRIPTION) values( 'DC0026','MODIFIEDBY',''); 
insert into ui_dc_field (UIDC_CODE, FIELD_NAME,DESCRIPTION) values( 'DC0026','MODIFIEDON',''); 
insert into ui_dc_field (UIDC_CODE, FIELD_NAME,DESCRIPTION) values( 'DC0026','NOTES',''); 
insert into ui_dc_field (UIDC_CODE, FIELD_NAME,DESCRIPTION) values( 'DC0026','POSTEDBY',''); 
insert into ui_dc_field (UIDC_CODE, FIELD_NAME,DESCRIPTION) values( 'DC0026','POSTEDON',''); 
insert into ui_dc_field (UIDC_CODE, FIELD_NAME,DESCRIPTION) values( 'DC0026','RECEIVER_ID',''); 
insert into ui_dc_field (UIDC_CODE, FIELD_NAME,DESCRIPTION) values( 'DC0026','RECEIVER_NAME',''); 
insert into ui_dc_field (UIDC_CODE, FIELD_NAME,DESCRIPTION) values( 'DC0026','REF_RINVOICE_ID',''); 
insert into ui_dc_field (UIDC_CODE, FIELD_NAME,DESCRIPTION) values( 'DC0026','REF_RINVOICE_NAME',''); 
insert into ui_dc_field (UIDC_CODE, FIELD_NAME,DESCRIPTION) values( 'DC0026','TOTAL_AMOUNT',''); 
insert into ui_dc_field (UIDC_CODE, FIELD_NAME,DESCRIPTION) values( 'DC0026','TOTAL_NET_AMOUNT',''); 
insert into ui_dc_field (UIDC_CODE, FIELD_NAME,DESCRIPTION) values( 'DC0026','TOTAL_TAX_AMOUNT',''); 
insert into ui_dc_field (UIDC_CODE, FIELD_NAME,DESCRIPTION) values( 'DC0027','ACTIVE',''); 
insert into ui_dc_field (UIDC_CODE, FIELD_NAME,DESCRIPTION) values( 'DC0027','CODE',''); 
insert into ui_dc_field (UIDC_CODE, FIELD_NAME,DESCRIPTION) values( 'DC0027','ID',''); 
insert into ui_dc_field (UIDC_CODE, FIELD_NAME,DESCRIPTION) values( 'DC0027','NAME',''); 
insert into ui_dc_field (UIDC_CODE, FIELD_NAME,DESCRIPTION) values( 'DC0027','PRINT_REPORT_CODE',''); 
insert into ui_dc_field (UIDC_CODE, FIELD_NAME,DESCRIPTION) values( 'DC0028','BY_AGENT',''); 
insert into ui_dc_field (UIDC_CODE, FIELD_NAME,DESCRIPTION) values( 'DC0028','BY_BANK',''); 
insert into ui_dc_field (UIDC_CODE, FIELD_NAME,DESCRIPTION) values( 'DC0028','BY_CASH_DESK',''); 
insert into ui_dc_field (UIDC_CODE, FIELD_NAME,DESCRIPTION) values( 'DC0028','CLIENT_CODE',''); 
insert into ui_dc_field (UIDC_CODE, FIELD_NAME,DESCRIPTION) values( 'DC0028','CLIENT_ID',''); 
insert into ui_dc_field (UIDC_CODE, FIELD_NAME,DESCRIPTION) values( 'DC0028','CODE',''); 
insert into ui_dc_field (UIDC_CODE, FIELD_NAME,DESCRIPTION) values( 'DC0028','COMPENSATION',''); 
insert into ui_dc_field (UIDC_CODE, FIELD_NAME,DESCRIPTION) values( 'DC0028','CREATEDBY',''); 
insert into ui_dc_field (UIDC_CODE, FIELD_NAME,DESCRIPTION) values( 'DC0028','CREATEDON',''); 
insert into ui_dc_field (UIDC_CODE, FIELD_NAME,DESCRIPTION) values( 'DC0028','ID',''); 
insert into ui_dc_field (UIDC_CODE, FIELD_NAME,DESCRIPTION) values( 'DC0028','MODIFIEDBY',''); 
insert into ui_dc_field (UIDC_CODE, FIELD_NAME,DESCRIPTION) values( 'DC0028','MODIFIEDON',''); 
insert into ui_dc_field (UIDC_CODE, FIELD_NAME,DESCRIPTION) values( 'DC0028','NAME',''); 
insert into ui_dc_field (UIDC_CODE, FIELD_NAME,DESCRIPTION) values( 'DC0028','PAYABLE',''); 
insert into ui_dc_field (UIDC_CODE, FIELD_NAME,DESCRIPTION) values( 'DC0028','PRINT_REPORT',''); 
insert into ui_dc_field (UIDC_CODE, FIELD_NAME,DESCRIPTION) values( 'DC0028','RECEIVABLE',''); 
insert into ui_dc_field (UIDC_CODE, FIELD_NAME,DESCRIPTION) values( 'DC0029','ACCDOC_ID',''); 
insert into ui_dc_field (UIDC_CODE, FIELD_NAME,DESCRIPTION) values( 'DC0029','ACCDOC_NAME',''); 
insert into ui_dc_field (UIDC_CODE, FIELD_NAME,DESCRIPTION) values( 'DC0029','AMOUNT',''); 
insert into ui_dc_field (UIDC_CODE, FIELD_NAME,DESCRIPTION) values( 'DC0029','BPARTNER_FROM',''); 
insert into ui_dc_field (UIDC_CODE, FIELD_NAME,DESCRIPTION) values( 'DC0029','BPARTNER_FROM_NAME',''); 
insert into ui_dc_field (UIDC_CODE, FIELD_NAME,DESCRIPTION) values( 'DC0029','BPARTNER_TO',''); 
insert into ui_dc_field (UIDC_CODE, FIELD_NAME,DESCRIPTION) values( 'DC0029','BPARTNER_TO_NAME',''); 
insert into ui_dc_field (UIDC_CODE, FIELD_NAME,DESCRIPTION) values( 'DC0029','CLIENT_ID',''); 
insert into ui_dc_field (UIDC_CODE, FIELD_NAME,DESCRIPTION) values( 'DC0029','CLIENT_NAME',''); 
insert into ui_dc_field (UIDC_CODE, FIELD_NAME,DESCRIPTION) values( 'DC0029','CREATEDBY',''); 
insert into ui_dc_field (UIDC_CODE, FIELD_NAME,DESCRIPTION) values( 'DC0029','CREATEDON',''); 
insert into ui_dc_field (UIDC_CODE, FIELD_NAME,DESCRIPTION) values( 'DC0029','CURRENCY',''); 
insert into ui_dc_field (UIDC_CODE, FIELD_NAME,DESCRIPTION) values( 'DC0029','DOC_DATE',''); 
insert into ui_dc_field (UIDC_CODE, FIELD_NAME,DESCRIPTION) values( 'DC0029','DOC_NO',''); 
insert into ui_dc_field (UIDC_CODE, FIELD_NAME,DESCRIPTION) values( 'DC0029','ID',''); 
insert into ui_dc_field (UIDC_CODE, FIELD_NAME,DESCRIPTION) values( 'DC0029','IS_APPROVED',''); 
insert into ui_dc_field (UIDC_CODE, FIELD_NAME,DESCRIPTION) values( 'DC0029','IS_GENERATED',''); 
insert into ui_dc_field (UIDC_CODE, FIELD_NAME,DESCRIPTION) values( 'DC0029','IS_INSERTED',''); 
insert into ui_dc_field (UIDC_CODE, FIELD_NAME,DESCRIPTION) values( 'DC0029','IS_MULTI_PAYMENT',''); 
insert into ui_dc_field (UIDC_CODE, FIELD_NAME,DESCRIPTION) values( 'DC0029','IS_PAYABLE',''); 
insert into ui_dc_field (UIDC_CODE, FIELD_NAME,DESCRIPTION) values( 'DC0029','IS_POSTED',''); 
insert into ui_dc_field (UIDC_CODE, FIELD_NAME,DESCRIPTION) values( 'DC0029','IS_PREPAYMENT',''); 
insert into ui_dc_field (UIDC_CODE, FIELD_NAME,DESCRIPTION) values( 'DC0029','IS_RECEIVABLE',''); 
insert into ui_dc_field (UIDC_CODE, FIELD_NAME,DESCRIPTION) values( 'DC0029','MODIFIEDBY',''); 
insert into ui_dc_field (UIDC_CODE, FIELD_NAME,DESCRIPTION) values( 'DC0029','MODIFIEDON',''); 
insert into ui_dc_field (UIDC_CODE, FIELD_NAME,DESCRIPTION) values( 'DC0029','NOTES',''); 
insert into ui_dc_field (UIDC_CODE, FIELD_NAME,DESCRIPTION) values( 'DC0029','PAYDOCTYPE_CODE',''); 
insert into ui_dc_field (UIDC_CODE, FIELD_NAME,DESCRIPTION) values( 'DC0029','PAYMNT_ACCT',''); 
insert into ui_dc_field (UIDC_CODE, FIELD_NAME,DESCRIPTION) values( 'DC0029','PREPAY_ACCT',''); 
insert into ui_dc_field (UIDC_CODE, FIELD_NAME,DESCRIPTION) values( 'DC0029','RINV_DOC_NO_DATE',''); 
insert into ui_dc_field (UIDC_CODE, FIELD_NAME,DESCRIPTION) values( 'DC0029','RINV_ID',''); 
insert into ui_dc_field (UIDC_CODE, FIELD_NAME,DESCRIPTION) values( 'DC0030','ACTIVE',''); 
insert into ui_dc_field (UIDC_CODE, FIELD_NAME,DESCRIPTION) values( 'DC0030','APPLY_TO_USER',''); 
insert into ui_dc_field (UIDC_CODE, FIELD_NAME,DESCRIPTION) values( 'DC0030','CREATEDBY',''); 
insert into ui_dc_field (UIDC_CODE, FIELD_NAME,DESCRIPTION) values( 'DC0030','CREATEDON',''); 
insert into ui_dc_field (UIDC_CODE, FIELD_NAME,DESCRIPTION) values( 'DC0030','FIELD_NAME',''); 
insert into ui_dc_field (UIDC_CODE, FIELD_NAME,DESCRIPTION) values( 'DC0030','FIELD_VALUE',''); 
insert into ui_dc_field (UIDC_CODE, FIELD_NAME,DESCRIPTION) values( 'DC0030','ID',''); 
insert into ui_dc_field (UIDC_CODE, FIELD_NAME,DESCRIPTION) values( 'DC0030','MODIFIEDBY',''); 
insert into ui_dc_field (UIDC_CODE, FIELD_NAME,DESCRIPTION) values( 'DC0030','MODIFIEDON',''); 
insert into ui_dc_field (UIDC_CODE, FIELD_NAME,DESCRIPTION) values( 'DC0030','UIDC_CODE',''); 
insert into ui_dc_field (UIDC_CODE, FIELD_NAME,DESCRIPTION) values( 'DC0030','VALUE_TYPE',''); 
insert into ui_dc_field (UIDC_CODE, FIELD_NAME,DESCRIPTION) values( 'DC0031','ACCOUNT_EXPIRED',''); 
insert into ui_dc_field (UIDC_CODE, FIELD_NAME,DESCRIPTION) values( 'DC0031','ACCOUNT_LOCKED',''); 
insert into ui_dc_field (UIDC_CODE, FIELD_NAME,DESCRIPTION) values( 'DC0031','CREATEDBY',''); 
insert into ui_dc_field (UIDC_CODE, FIELD_NAME,DESCRIPTION) values( 'DC0031','CREATEDON',''); 
insert into ui_dc_field (UIDC_CODE, FIELD_NAME,DESCRIPTION) values( 'DC0031','DBUSER',''); 
insert into ui_dc_field (UIDC_CODE, FIELD_NAME,DESCRIPTION) values( 'DC0031','ID',''); 
insert into ui_dc_field (UIDC_CODE, FIELD_NAME,DESCRIPTION) values( 'DC0031','LOGIN_CODE',''); 
insert into ui_dc_field (UIDC_CODE, FIELD_NAME,DESCRIPTION) values( 'DC0031','LOGIN_PASSWORD',''); 
insert into ui_dc_field (UIDC_CODE, FIELD_NAME,DESCRIPTION) values( 'DC0031','MODIFIEDBY',''); 
insert into ui_dc_field (UIDC_CODE, FIELD_NAME,DESCRIPTION) values( 'DC0031','MODIFIEDON',''); 
insert into ui_dc_field (UIDC_CODE, FIELD_NAME,DESCRIPTION) values( 'DC0031','PERSON_ID',''); 
insert into ui_dc_field (UIDC_CODE, FIELD_NAME,DESCRIPTION) values( 'DC0032','ACCGRP_ID',''); 
insert into ui_dc_field (UIDC_CODE, FIELD_NAME,DESCRIPTION) values( 'DC0032','ACCJOURNAL_ID',''); 
insert into ui_dc_field (UIDC_CODE, FIELD_NAME,DESCRIPTION) values( 'DC0032','ACCJOURNAL_NAME',''); 
insert into ui_dc_field (UIDC_CODE, FIELD_NAME,DESCRIPTION) values( 'DC0032','ACCOUNT',''); 
insert into ui_dc_field (UIDC_CODE, FIELD_NAME,DESCRIPTION) values( 'DC0032','ACCSCHEMA_ID',''); 
insert into ui_dc_field (UIDC_CODE, FIELD_NAME,DESCRIPTION) values( 'DC0032','ACCSCHEMA_NAME',''); 
insert into ui_dc_field (UIDC_CODE, FIELD_NAME,DESCRIPTION) values( 'DC0032','ACCTGRP_ID',''); 
insert into ui_dc_field (UIDC_CODE, FIELD_NAME,DESCRIPTION) values( 'DC0032','ACTIVE',''); 
insert into ui_dc_field (UIDC_CODE, FIELD_NAME,DESCRIPTION) values( 'DC0032','CLIENT_CODE',''); 
insert into ui_dc_field (UIDC_CODE, FIELD_NAME,DESCRIPTION) values( 'DC0032','CLIENT_ID',''); 
insert into ui_dc_field (UIDC_CODE, FIELD_NAME,DESCRIPTION) values( 'DC0032','CLIENT_NAME',''); 
insert into ui_dc_field (UIDC_CODE, FIELD_NAME,DESCRIPTION) values( 'DC0032','CREATEDBY',''); 
insert into ui_dc_field (UIDC_CODE, FIELD_NAME,DESCRIPTION) values( 'DC0032','CREATEDON',''); 
insert into ui_dc_field (UIDC_CODE, FIELD_NAME,DESCRIPTION) values( 'DC0032','CURRENCY',''); 
insert into ui_dc_field (UIDC_CODE, FIELD_NAME,DESCRIPTION) values( 'DC0032','DESCRIPTION',''); 
insert into ui_dc_field (UIDC_CODE, FIELD_NAME,DESCRIPTION) values( 'DC0032','ID',''); 
insert into ui_dc_field (UIDC_CODE, FIELD_NAME,DESCRIPTION) values( 'DC0032','MODIFIEDBY',''); 
insert into ui_dc_field (UIDC_CODE, FIELD_NAME,DESCRIPTION) values( 'DC0032','MODIFIEDON',''); 
insert into ui_dc_field (UIDC_CODE, FIELD_NAME,DESCRIPTION) values( 'DC0032','NAME',''); 
insert into ui_dc_field (UIDC_CODE, FIELD_NAME,DESCRIPTION) values( 'DC0032','PARENT_ACCOUNT',''); 
insert into ui_dc_field (UIDC_CODE, FIELD_NAME,DESCRIPTION) values( 'DC0032','SUMMARY',''); 
insert into ui_dc_field (UIDC_CODE, FIELD_NAME,DESCRIPTION) values( 'DC0032','TYPE',''); 
insert into ui_dc_field (UIDC_CODE, FIELD_NAME,DESCRIPTION) values( 'DC0033','CREATEDBY',''); 
insert into ui_dc_field (UIDC_CODE, FIELD_NAME,DESCRIPTION) values( 'DC0033','CREATEDON',''); 
insert into ui_dc_field (UIDC_CODE, FIELD_NAME,DESCRIPTION) values( 'DC0033','DESCRIPTION',''); 
insert into ui_dc_field (UIDC_CODE, FIELD_NAME,DESCRIPTION) values( 'DC0033','ID',''); 
insert into ui_dc_field (UIDC_CODE, FIELD_NAME,DESCRIPTION) values( 'DC0033','MODIFIEDBY',''); 
insert into ui_dc_field (UIDC_CODE, FIELD_NAME,DESCRIPTION) values( 'DC0033','MODIFIEDON',''); 
insert into ui_dc_field (UIDC_CODE, FIELD_NAME,DESCRIPTION) values( 'DC0033','PROPERTY_NAME',''); 
insert into ui_dc_field (UIDC_CODE, FIELD_NAME,DESCRIPTION) values( 'DC0033','PROPERTY_TYPE',''); 
insert into ui_dc_field (UIDC_CODE, FIELD_NAME,DESCRIPTION) values( 'DC0034','ACTIVE',''); 
insert into ui_dc_field (UIDC_CODE, FIELD_NAME,DESCRIPTION) values( 'DC0034','CODE',''); 
insert into ui_dc_field (UIDC_CODE, FIELD_NAME,DESCRIPTION) values( 'DC0034','DESCRIPTION',''); 
insert into ui_dc_field (UIDC_CODE, FIELD_NAME,DESCRIPTION) values( 'DC0034','NAME',''); 
insert into ui_dc_field (UIDC_CODE, FIELD_NAME,DESCRIPTION) values( 'DC0035','BPCONTR_ID',''); 
insert into ui_dc_field (UIDC_CODE, FIELD_NAME,DESCRIPTION) values( 'DC0035','BPCONTR_NAME',''); 
insert into ui_dc_field (UIDC_CODE, FIELD_NAME,DESCRIPTION) values( 'DC0035','CLIENT_ID',''); 
insert into ui_dc_field (UIDC_CODE, FIELD_NAME,DESCRIPTION) values( 'DC0035','CLIENT_NAME',''); 
insert into ui_dc_field (UIDC_CODE, FIELD_NAME,DESCRIPTION) values( 'DC0035','CONTRSTAT_CODE',''); 
insert into ui_dc_field (UIDC_CODE, FIELD_NAME,DESCRIPTION) values( 'DC0035','CONTRTYPE_CODE',''); 
insert into ui_dc_field (UIDC_CODE, FIELD_NAME,DESCRIPTION) values( 'DC0035','CREATEDBY',''); 
insert into ui_dc_field (UIDC_CODE, FIELD_NAME,DESCRIPTION) values( 'DC0035','CREATEDON',''); 
insert into ui_dc_field (UIDC_CODE, FIELD_NAME,DESCRIPTION) values( 'DC0035','CUST_BPARTNER_ID',''); 
insert into ui_dc_field (UIDC_CODE, FIELD_NAME,DESCRIPTION) values( 'DC0035','CUST_BPARTNER_NAME',''); 
insert into ui_dc_field (UIDC_CODE, FIELD_NAME,DESCRIPTION) values( 'DC0035','DOC_DATE',''); 
insert into ui_dc_field (UIDC_CODE, FIELD_NAME,DESCRIPTION) values( 'DC0035','DOC_NO',''); 
insert into ui_dc_field (UIDC_CODE, FIELD_NAME,DESCRIPTION) values( 'DC0035','ENDDATE',''); 
insert into ui_dc_field (UIDC_CODE, FIELD_NAME,DESCRIPTION) values( 'DC0035','ID',''); 
insert into ui_dc_field (UIDC_CODE, FIELD_NAME,DESCRIPTION) values( 'DC0035','MODIFIEDBY',''); 
insert into ui_dc_field (UIDC_CODE, FIELD_NAME,DESCRIPTION) values( 'DC0035','MODIFIEDON',''); 
insert into ui_dc_field (UIDC_CODE, FIELD_NAME,DESCRIPTION) values( 'DC0035','NOTES',''); 
insert into ui_dc_field (UIDC_CODE, FIELD_NAME,DESCRIPTION) values( 'DC0035','STARTDATE',''); 
insert into ui_dc_field (UIDC_CODE, FIELD_NAME,DESCRIPTION) values( 'DC0035','SUPP_BPARTNER_ID',''); 
insert into ui_dc_field (UIDC_CODE, FIELD_NAME,DESCRIPTION) values( 'DC0035','SUPP_BPARTNER_NAME',''); 
insert into ui_dc_field (UIDC_CODE, FIELD_NAME,DESCRIPTION) values( 'DC0036','CREATEDBY',''); 
insert into ui_dc_field (UIDC_CODE, FIELD_NAME,DESCRIPTION) values( 'DC0036','CREATEDON',''); 
insert into ui_dc_field (UIDC_CODE, FIELD_NAME,DESCRIPTION) values( 'DC0036','ID',''); 
insert into ui_dc_field (UIDC_CODE, FIELD_NAME,DESCRIPTION) values( 'DC0036','MAINTAINED_BY',''); 
insert into ui_dc_field (UIDC_CODE, FIELD_NAME,DESCRIPTION) values( 'DC0036','MODIFIEDBY',''); 
insert into ui_dc_field (UIDC_CODE, FIELD_NAME,DESCRIPTION) values( 'DC0036','MODIFIEDON',''); 
insert into ui_dc_field (UIDC_CODE, FIELD_NAME,DESCRIPTION) values( 'DC0036','MSG_CODE',''); 
insert into ui_dc_field (UIDC_CODE, FIELD_NAME,DESCRIPTION) values( 'DC0036','MSG_TYPE',''); 
insert into ui_dc_field (UIDC_CODE, FIELD_NAME,DESCRIPTION) values( 'DC0036','UIDC_CODE',''); 
insert into ui_dc_field (UIDC_CODE, FIELD_NAME,DESCRIPTION) values( 'DC0037','ID',''); 
insert into ui_dc_field (UIDC_CODE, FIELD_NAME,DESCRIPTION) values( 'DC0037','LANGUAGE_CODE',''); 
insert into ui_dc_field (UIDC_CODE, FIELD_NAME,DESCRIPTION) values( 'DC0037','MODIFIEDBY',''); 
insert into ui_dc_field (UIDC_CODE, FIELD_NAME,DESCRIPTION) values( 'DC0037','MODIFIEDON',''); 
insert into ui_dc_field (UIDC_CODE, FIELD_NAME,DESCRIPTION) values( 'DC0037','MSG_CODE',''); 
insert into ui_dc_field (UIDC_CODE, FIELD_NAME,DESCRIPTION) values( 'DC0037','TRANSLATION',''); 
insert into ui_dc_field (UIDC_CODE, FIELD_NAME,DESCRIPTION) values( 'DC0037','UIDC_CODE',''); 
insert into ui_dc_field (UIDC_CODE, FIELD_NAME,DESCRIPTION) values( 'DC0037','UIDICT_ID',''); 
insert into ui_dc_field (UIDC_CODE, FIELD_NAME,DESCRIPTION) values( 'DC0038','ACTIVE',''); 
insert into ui_dc_field (UIDC_CODE, FIELD_NAME,DESCRIPTION) values( 'DC0038','CLIENT_ID',''); 
insert into ui_dc_field (UIDC_CODE, FIELD_NAME,DESCRIPTION) values( 'DC0038','CLIENT_NAME',''); 
insert into ui_dc_field (UIDC_CODE, FIELD_NAME,DESCRIPTION) values( 'DC0038','CODE',''); 
insert into ui_dc_field (UIDC_CODE, FIELD_NAME,DESCRIPTION) values( 'DC0038','CREATEDBY',''); 
insert into ui_dc_field (UIDC_CODE, FIELD_NAME,DESCRIPTION) values( 'DC0038','CREATEDON',''); 
insert into ui_dc_field (UIDC_CODE, FIELD_NAME,DESCRIPTION) values( 'DC0038','DESCRIPTION',''); 
insert into ui_dc_field (UIDC_CODE, FIELD_NAME,DESCRIPTION) values( 'DC0038','ID',''); 
insert into ui_dc_field (UIDC_CODE, FIELD_NAME,DESCRIPTION) values( 'DC0038','MODIFIEDBY',''); 
insert into ui_dc_field (UIDC_CODE, FIELD_NAME,DESCRIPTION) values( 'DC0038','MODIFIEDON',''); 
insert into ui_dc_field (UIDC_CODE, FIELD_NAME,DESCRIPTION) values( 'DC0038','NAME',''); 
insert into ui_dc_field (UIDC_CODE, FIELD_NAME,DESCRIPTION) values( 'DC0038','PRODCATEG_ID',''); 
insert into ui_dc_field (UIDC_CODE, FIELD_NAME,DESCRIPTION) values( 'DC0038','PRODCATEG_NAME',''); 
insert into ui_dc_field (UIDC_CODE, FIELD_NAME,DESCRIPTION) values( 'DC0039','ATTRGRP_ID',''); 
insert into ui_dc_field (UIDC_CODE, FIELD_NAME,DESCRIPTION) values( 'DC0039','ATTRGRP_NAME',''); 
insert into ui_dc_field (UIDC_CODE, FIELD_NAME,DESCRIPTION) values( 'DC0039','CLIENT_ID',''); 
insert into ui_dc_field (UIDC_CODE, FIELD_NAME,DESCRIPTION) values( 'DC0039','CLIENT_NAME',''); 
insert into ui_dc_field (UIDC_CODE, FIELD_NAME,DESCRIPTION) values( 'DC0039','CODE',''); 
insert into ui_dc_field (UIDC_CODE, FIELD_NAME,DESCRIPTION) values( 'DC0039','CREATEDBY',''); 
insert into ui_dc_field (UIDC_CODE, FIELD_NAME,DESCRIPTION) values( 'DC0039','CREATEDON',''); 
insert into ui_dc_field (UIDC_CODE, FIELD_NAME,DESCRIPTION) values( 'DC0039','DESCRIPTION',''); 
insert into ui_dc_field (UIDC_CODE, FIELD_NAME,DESCRIPTION) values( 'DC0039','EXPENSE_ACCOUNT',''); 
insert into ui_dc_field (UIDC_CODE, FIELD_NAME,DESCRIPTION) values( 'DC0039','FOR_SALE',''); 
insert into ui_dc_field (UIDC_CODE, FIELD_NAME,DESCRIPTION) values( 'DC0039','ID',''); 
insert into ui_dc_field (UIDC_CODE, FIELD_NAME,DESCRIPTION) values( 'DC0039','MODIFIEDBY',''); 
insert into ui_dc_field (UIDC_CODE, FIELD_NAME,DESCRIPTION) values( 'DC0039','MODIFIEDON',''); 
insert into ui_dc_field (UIDC_CODE, FIELD_NAME,DESCRIPTION) values( 'DC0039','NAME',''); 
insert into ui_dc_field (UIDC_CODE, FIELD_NAME,DESCRIPTION) values( 'DC0039','PRODCATEG_CODE',''); 
insert into ui_dc_field (UIDC_CODE, FIELD_NAME,DESCRIPTION) values( 'DC0039','PRODCATEG_ID',''); 
insert into ui_dc_field (UIDC_CODE, FIELD_NAME,DESCRIPTION) values( 'DC0039','PROD_TYPE',''); 
insert into ui_dc_field (UIDC_CODE, FIELD_NAME,DESCRIPTION) values( 'DC0039','REVENUE_ACCOUNT',''); 
insert into ui_dc_field (UIDC_CODE, FIELD_NAME,DESCRIPTION) values( 'DC0039','STORABLE',''); 
insert into ui_dc_field (UIDC_CODE, FIELD_NAME,DESCRIPTION) values( 'DC0039','SUMMARY',''); 
insert into ui_dc_field (UIDC_CODE, FIELD_NAME,DESCRIPTION) values( 'DC0039','UOM_CODE',''); 
insert into ui_dc_field (UIDC_CODE, FIELD_NAME,DESCRIPTION) values( 'DC0039','VOLUME',''); 
insert into ui_dc_field (UIDC_CODE, FIELD_NAME,DESCRIPTION) values( 'DC0039','WEIGHT',''); 
insert into ui_dc_field (UIDC_CODE, FIELD_NAME,DESCRIPTION) values( 'DC0040','ACCPERIOD_ID',''); 
insert into ui_dc_field (UIDC_CODE, FIELD_NAME,DESCRIPTION) values( 'DC0040','ACCPERIOD_NAME',''); 
insert into ui_dc_field (UIDC_CODE, FIELD_NAME,DESCRIPTION) values( 'DC0040','ACCSCHEMA_ID',''); 
insert into ui_dc_field (UIDC_CODE, FIELD_NAME,DESCRIPTION) values( 'DC0040','ACCSCHEMA_NAME',''); 
insert into ui_dc_field (UIDC_CODE, FIELD_NAME,DESCRIPTION) values( 'DC0040','BASEDOC_DATE',''); 
insert into ui_dc_field (UIDC_CODE, FIELD_NAME,DESCRIPTION) values( 'DC0040','BASEDOC_ID',''); 
insert into ui_dc_field (UIDC_CODE, FIELD_NAME,DESCRIPTION) values( 'DC0040','BASEDOC_NO',''); 
insert into ui_dc_field (UIDC_CODE, FIELD_NAME,DESCRIPTION) values( 'DC0040','BASEDOC_TYPE',''); 
insert into ui_dc_field (UIDC_CODE, FIELD_NAME,DESCRIPTION) values( 'DC0040','CLIENT_CODE',''); 
insert into ui_dc_field (UIDC_CODE, FIELD_NAME,DESCRIPTION) values( 'DC0040','CLIENT_ID',''); 
insert into ui_dc_field (UIDC_CODE, FIELD_NAME,DESCRIPTION) values( 'DC0040','CLIENT_NAME',''); 
insert into ui_dc_field (UIDC_CODE, FIELD_NAME,DESCRIPTION) values( 'DC0040','CREATEDBY',''); 
insert into ui_dc_field (UIDC_CODE, FIELD_NAME,DESCRIPTION) values( 'DC0040','CREATEDON',''); 
insert into ui_dc_field (UIDC_CODE, FIELD_NAME,DESCRIPTION) values( 'DC0040','CR_AMOUNT',''); 
insert into ui_dc_field (UIDC_CODE, FIELD_NAME,DESCRIPTION) values( 'DC0040','DB_AMOUNT',''); 
insert into ui_dc_field (UIDC_CODE, FIELD_NAME,DESCRIPTION) values( 'DC0040','DOC_DATE',''); 
insert into ui_dc_field (UIDC_CODE, FIELD_NAME,DESCRIPTION) values( 'DC0040','DOC_NO',''); 
insert into ui_dc_field (UIDC_CODE, FIELD_NAME,DESCRIPTION) values( 'DC0040','ID',''); 
insert into ui_dc_field (UIDC_CODE, FIELD_NAME,DESCRIPTION) values( 'DC0040','IS_GENERATED',''); 
insert into ui_dc_field (UIDC_CODE, FIELD_NAME,DESCRIPTION) values( 'DC0040','IS_INSERTED',''); 
insert into ui_dc_field (UIDC_CODE, FIELD_NAME,DESCRIPTION) values( 'DC0040','IS_POSTED',''); 
insert into ui_dc_field (UIDC_CODE, FIELD_NAME,DESCRIPTION) values( 'DC0040','MODIFIEDBY',''); 
insert into ui_dc_field (UIDC_CODE, FIELD_NAME,DESCRIPTION) values( 'DC0040','MODIFIEDON',''); 
insert into ui_dc_field (UIDC_CODE, FIELD_NAME,DESCRIPTION) values( 'DC0040','NOTES',''); 
insert into ui_dc_field (UIDC_CODE, FIELD_NAME,DESCRIPTION) values( 'DC0040','POSTEDBY',''); 
insert into ui_dc_field (UIDC_CODE, FIELD_NAME,DESCRIPTION) values( 'DC0040','POSTEDON',''); 
insert into ui_dc_field (UIDC_CODE, FIELD_NAME,DESCRIPTION) values( 'DC0041','CREATEDBY',''); 
insert into ui_dc_field (UIDC_CODE, FIELD_NAME,DESCRIPTION) values( 'DC0041','CREATEDON',''); 
insert into ui_dc_field (UIDC_CODE, FIELD_NAME,DESCRIPTION) values( 'DC0041','CURRENCY',''); 
insert into ui_dc_field (UIDC_CODE, FIELD_NAME,DESCRIPTION) values( 'DC0041','CURRENCY_XRATE',''); 
insert into ui_dc_field (UIDC_CODE, FIELD_NAME,DESCRIPTION) values( 'DC0041','ID',''); 
insert into ui_dc_field (UIDC_CODE, FIELD_NAME,DESCRIPTION) values( 'DC0041','MODIFIEDBY',''); 
insert into ui_dc_field (UIDC_CODE, FIELD_NAME,DESCRIPTION) values( 'DC0041','MODIFIEDON',''); 
insert into ui_dc_field (UIDC_CODE, FIELD_NAME,DESCRIPTION) values( 'DC0041','NET_AMOUNT',''); 
insert into ui_dc_field (UIDC_CODE, FIELD_NAME,DESCRIPTION) values( 'DC0041','NOTES',''); 
insert into ui_dc_field (UIDC_CODE, FIELD_NAME,DESCRIPTION) values( 'DC0041','ORIG_AMOUNT',''); 
insert into ui_dc_field (UIDC_CODE, FIELD_NAME,DESCRIPTION) values( 'DC0041','ORIG_CURRENCY',''); 
insert into ui_dc_field (UIDC_CODE, FIELD_NAME,DESCRIPTION) values( 'DC0041','PRICE',''); 
insert into ui_dc_field (UIDC_CODE, FIELD_NAME,DESCRIPTION) values( 'DC0041','PROD_CODE',''); 
insert into ui_dc_field (UIDC_CODE, FIELD_NAME,DESCRIPTION) values( 'DC0041','PROD_ID',''); 
insert into ui_dc_field (UIDC_CODE, FIELD_NAME,DESCRIPTION) values( 'DC0041','PURCHASE_ACCT',''); 
insert into ui_dc_field (UIDC_CODE, FIELD_NAME,DESCRIPTION) values( 'DC0041','QUANTITY',''); 
insert into ui_dc_field (UIDC_CODE, FIELD_NAME,DESCRIPTION) values( 'DC0041','QUANTITY_UNIT',''); 
insert into ui_dc_field (UIDC_CODE, FIELD_NAME,DESCRIPTION) values( 'DC0041','RINVITEM_ID',''); 
insert into ui_dc_field (UIDC_CODE, FIELD_NAME,DESCRIPTION) values( 'DC0041','RINV_ID',''); 
insert into ui_dc_field (UIDC_CODE, FIELD_NAME,DESCRIPTION) values( 'DC0041','TAX_AMOUNT',''); 
insert into ui_dc_field (UIDC_CODE, FIELD_NAME,DESCRIPTION) values( 'DC0041','TAX_AMOUNT_NR',''); 
insert into ui_dc_field (UIDC_CODE, FIELD_NAME,DESCRIPTION) values( 'DC0041','TAX_ID',''); 
insert into ui_dc_field (UIDC_CODE, FIELD_NAME,DESCRIPTION) values( 'DC0041','TAX_NAME',''); 
insert into ui_dc_field (UIDC_CODE, FIELD_NAME,DESCRIPTION) values( 'DC0041','TAX_RATE',''); 
insert into ui_dc_field (UIDC_CODE, FIELD_NAME,DESCRIPTION) values( 'DC0042','ACCDOC_ID',''); 
insert into ui_dc_field (UIDC_CODE, FIELD_NAME,DESCRIPTION) values( 'DC0042','ACCDOC_NAME',''); 
insert into ui_dc_field (UIDC_CODE, FIELD_NAME,DESCRIPTION) values( 'DC0042','AMOUNT',''); 
insert into ui_dc_field (UIDC_CODE, FIELD_NAME,DESCRIPTION) values( 'DC0042','CLIENT_ID',''); 
insert into ui_dc_field (UIDC_CODE, FIELD_NAME,DESCRIPTION) values( 'DC0042','CREATEDBY',''); 
insert into ui_dc_field (UIDC_CODE, FIELD_NAME,DESCRIPTION) values( 'DC0042','CREATEDON',''); 
insert into ui_dc_field (UIDC_CODE, FIELD_NAME,DESCRIPTION) values( 'DC0042','CR_ACCT',''); 
insert into ui_dc_field (UIDC_CODE, FIELD_NAME,DESCRIPTION) values( 'DC0042','CR_AMOUNT',''); 
insert into ui_dc_field (UIDC_CODE, FIELD_NAME,DESCRIPTION) values( 'DC0042','CURRENCY',''); 
insert into ui_dc_field (UIDC_CODE, FIELD_NAME,DESCRIPTION) values( 'DC0042','DB_ACCT',''); 
insert into ui_dc_field (UIDC_CODE, FIELD_NAME,DESCRIPTION) values( 'DC0042','DB_AMOUNT',''); 
insert into ui_dc_field (UIDC_CODE, FIELD_NAME,DESCRIPTION) values( 'DC0042','ID',''); 
insert into ui_dc_field (UIDC_CODE, FIELD_NAME,DESCRIPTION) values( 'DC0042','IS_GENERATED',''); 
insert into ui_dc_field (UIDC_CODE, FIELD_NAME,DESCRIPTION) values( 'DC0042','MODIFIEDBY',''); 
insert into ui_dc_field (UIDC_CODE, FIELD_NAME,DESCRIPTION) values( 'DC0042','MODIFIEDON',''); 
insert into ui_dc_field (UIDC_CODE, FIELD_NAME,DESCRIPTION) values( 'DC0042','NOTES',''); 
insert into ui_dc_field (UIDC_CODE, FIELD_NAME,DESCRIPTION) values( 'DC0042','ORIG_AMOUNT',''); 
insert into ui_dc_field (UIDC_CODE, FIELD_NAME,DESCRIPTION) values( 'DC0042','ORIG_CURRENCY',''); 
insert into ui_dc_field (UIDC_CODE, FIELD_NAME,DESCRIPTION) values( 'DC0042','XRATE',''); 
insert into ui_dc_field (UIDC_CODE, FIELD_NAME,DESCRIPTION) values( 'DC0043','CREATEDBY',''); 
insert into ui_dc_field (UIDC_CODE, FIELD_NAME,DESCRIPTION) values( 'DC0043','CREATEDON',''); 
insert into ui_dc_field (UIDC_CODE, FIELD_NAME,DESCRIPTION) values( 'DC0043','ID',''); 
insert into ui_dc_field (UIDC_CODE, FIELD_NAME,DESCRIPTION) values( 'DC0043','LANG',''); 
insert into ui_dc_field (UIDC_CODE, FIELD_NAME,DESCRIPTION) values( 'DC0043','MENUITEM_ID',''); 
insert into ui_dc_field (UIDC_CODE, FIELD_NAME,DESCRIPTION) values( 'DC0043','MODIFIEDBY',''); 
insert into ui_dc_field (UIDC_CODE, FIELD_NAME,DESCRIPTION) values( 'DC0043','MODIFIEDON',''); 
insert into ui_dc_field (UIDC_CODE, FIELD_NAME,DESCRIPTION) values( 'DC0043','TRANSLATION',''); 
insert into ui_dc_field (UIDC_CODE, FIELD_NAME,DESCRIPTION) values( 'DC0044','ACCDOC_ID',''); 
insert into ui_dc_field (UIDC_CODE, FIELD_NAME,DESCRIPTION) values( 'DC0044','AMOUNT',''); 
insert into ui_dc_field (UIDC_CODE, FIELD_NAME,DESCRIPTION) values( 'DC0044','BPARTNER_FROM',''); 
insert into ui_dc_field (UIDC_CODE, FIELD_NAME,DESCRIPTION) values( 'DC0044','BPARTNER_TO',''); 
insert into ui_dc_field (UIDC_CODE, FIELD_NAME,DESCRIPTION) values( 'DC0044','CLIENT_ID',''); 
insert into ui_dc_field (UIDC_CODE, FIELD_NAME,DESCRIPTION) values( 'DC0044','CREATEDBY',''); 
insert into ui_dc_field (UIDC_CODE, FIELD_NAME,DESCRIPTION) values( 'DC0044','CREATEDON',''); 
insert into ui_dc_field (UIDC_CODE, FIELD_NAME,DESCRIPTION) values( 'DC0044','CURRENCY',''); 
insert into ui_dc_field (UIDC_CODE, FIELD_NAME,DESCRIPTION) values( 'DC0044','DOC_DATE',''); 
insert into ui_dc_field (UIDC_CODE, FIELD_NAME,DESCRIPTION) values( 'DC0044','DOC_NO',''); 
insert into ui_dc_field (UIDC_CODE, FIELD_NAME,DESCRIPTION) values( 'DC0044','ID',''); 
insert into ui_dc_field (UIDC_CODE, FIELD_NAME,DESCRIPTION) values( 'DC0044','IINV_ID',''); 
insert into ui_dc_field (UIDC_CODE, FIELD_NAME,DESCRIPTION) values( 'DC0044','IS_APPROVED',''); 
insert into ui_dc_field (UIDC_CODE, FIELD_NAME,DESCRIPTION) values( 'DC0044','IS_GENERATED',''); 
insert into ui_dc_field (UIDC_CODE, FIELD_NAME,DESCRIPTION) values( 'DC0044','IS_INSERTED',''); 
insert into ui_dc_field (UIDC_CODE, FIELD_NAME,DESCRIPTION) values( 'DC0044','IS_MULTI_PAYMENT',''); 
insert into ui_dc_field (UIDC_CODE, FIELD_NAME,DESCRIPTION) values( 'DC0044','IS_PAYABLE',''); 
insert into ui_dc_field (UIDC_CODE, FIELD_NAME,DESCRIPTION) values( 'DC0044','IS_POSTED',''); 
insert into ui_dc_field (UIDC_CODE, FIELD_NAME,DESCRIPTION) values( 'DC0044','IS_PREPAYMENT',''); 
insert into ui_dc_field (UIDC_CODE, FIELD_NAME,DESCRIPTION) values( 'DC0044','IS_RECEIVABLE',''); 
insert into ui_dc_field (UIDC_CODE, FIELD_NAME,DESCRIPTION) values( 'DC0044','MODIFIEDBY',''); 
insert into ui_dc_field (UIDC_CODE, FIELD_NAME,DESCRIPTION) values( 'DC0044','MODIFIEDON',''); 
insert into ui_dc_field (UIDC_CODE, FIELD_NAME,DESCRIPTION) values( 'DC0044','NOTES',''); 
insert into ui_dc_field (UIDC_CODE, FIELD_NAME,DESCRIPTION) values( 'DC0044','PAYDOCTYPE_CODE',''); 
insert into ui_dc_field (UIDC_CODE, FIELD_NAME,DESCRIPTION) values( 'DC0044','PAYMNT_ACCT',''); 
insert into ui_dc_field (UIDC_CODE, FIELD_NAME,DESCRIPTION) values( 'DC0044','PREPAY_ACCT',''); 
insert into ui_dc_field (UIDC_CODE, FIELD_NAME,DESCRIPTION) values( 'DC0044','RINV_ID',''); 
insert into ui_dc_field (UIDC_CODE, FIELD_NAME,DESCRIPTION) values( 'DC0045','CLIENT_ID',''); 
insert into ui_dc_field (UIDC_CODE, FIELD_NAME,DESCRIPTION) values( 'DC0045','CLIENT_NAME',''); 
insert into ui_dc_field (UIDC_CODE, FIELD_NAME,DESCRIPTION) values( 'DC0045','CREATEDBY',''); 
insert into ui_dc_field (UIDC_CODE, FIELD_NAME,DESCRIPTION) values( 'DC0045','CREATEDON',''); 
insert into ui_dc_field (UIDC_CODE, FIELD_NAME,DESCRIPTION) values( 'DC0045','ID',''); 
insert into ui_dc_field (UIDC_CODE, FIELD_NAME,DESCRIPTION) values( 'DC0045','MODIFIEDBY',''); 
insert into ui_dc_field (UIDC_CODE, FIELD_NAME,DESCRIPTION) values( 'DC0045','MODIFIEDON',''); 
insert into ui_dc_field (UIDC_CODE, FIELD_NAME,DESCRIPTION) values( 'DC0045','NAME',''); 
insert into ui_dc_field (UIDC_CODE, FIELD_NAME,DESCRIPTION) values( 'DC0045','STATUS_CODE',''); 
insert into ui_dc_field (UIDC_CODE, FIELD_NAME,DESCRIPTION) values( 'DC0045','TYPE_CODE',''); 
insert into ui_dc_field (UIDC_CODE, FIELD_NAME,DESCRIPTION) values( 'DC0046','ACTUAL_EFFORT',''); 
insert into ui_dc_field (UIDC_CODE, FIELD_NAME,DESCRIPTION) values( 'DC0046','ACT_ENDDATE',''); 
insert into ui_dc_field (UIDC_CODE, FIELD_NAME,DESCRIPTION) values( 'DC0046','ACT_STARTDATE',''); 
insert into ui_dc_field (UIDC_CODE, FIELD_NAME,DESCRIPTION) values( 'DC0046','AFF_CMP',''); 
insert into ui_dc_field (UIDC_CODE, FIELD_NAME,DESCRIPTION) values( 'DC0046','AFF_CMP_TYPE_CODE',''); 
insert into ui_dc_field (UIDC_CODE, FIELD_NAME,DESCRIPTION) values( 'DC0046','AFF_PROJECT_RELEASE_CODE',''); 
insert into ui_dc_field (UIDC_CODE, FIELD_NAME,DESCRIPTION) values( 'DC0046','ASSIGNED_TO',''); 
insert into ui_dc_field (UIDC_CODE, FIELD_NAME,DESCRIPTION) values( 'DC0046','CREATEDBY',''); 
insert into ui_dc_field (UIDC_CODE, FIELD_NAME,DESCRIPTION) values( 'DC0046','CREATEDON',''); 
insert into ui_dc_field (UIDC_CODE, FIELD_NAME,DESCRIPTION) values( 'DC0046','DESCRIPTION',''); 
insert into ui_dc_field (UIDC_CODE, FIELD_NAME,DESCRIPTION) values( 'DC0046','EFFORT_UNIT',''); 
insert into ui_dc_field (UIDC_CODE, FIELD_NAME,DESCRIPTION) values( 'DC0046','ESTIMATE_EFFORT',''); 
insert into ui_dc_field (UIDC_CODE, FIELD_NAME,DESCRIPTION) values( 'DC0046','ID',''); 
insert into ui_dc_field (UIDC_CODE, FIELD_NAME,DESCRIPTION) values( 'DC0046','ISSUE_TYPE_CODE',''); 
insert into ui_dc_field (UIDC_CODE, FIELD_NAME,DESCRIPTION) values( 'DC0046','IS_CLOSED',''); 
insert into ui_dc_field (UIDC_CODE, FIELD_NAME,DESCRIPTION) values( 'DC0046','MODIFIEDBY',''); 
insert into ui_dc_field (UIDC_CODE, FIELD_NAME,DESCRIPTION) values( 'DC0046','MODIFIEDON',''); 
insert into ui_dc_field (UIDC_CODE, FIELD_NAME,DESCRIPTION) values( 'DC0046','PLAN_ENDDATE',''); 
insert into ui_dc_field (UIDC_CODE, FIELD_NAME,DESCRIPTION) values( 'DC0046','PLAN_STARTDATE',''); 
insert into ui_dc_field (UIDC_CODE, FIELD_NAME,DESCRIPTION) values( 'DC0046','PRIORITY_CODE',''); 
insert into ui_dc_field (UIDC_CODE, FIELD_NAME,DESCRIPTION) values( 'DC0046','PROJECT_ID',''); 
insert into ui_dc_field (UIDC_CODE, FIELD_NAME,DESCRIPTION) values( 'DC0046','PROJECT_NAME',''); 
insert into ui_dc_field (UIDC_CODE, FIELD_NAME,DESCRIPTION) values( 'DC0046','SEVERITY_CODE',''); 
insert into ui_dc_field (UIDC_CODE, FIELD_NAME,DESCRIPTION) values( 'DC0046','STATUS_CODE',''); 
insert into ui_dc_field (UIDC_CODE, FIELD_NAME,DESCRIPTION) values( 'DC0046','TITLE',''); 
insert into ui_dc_field (UIDC_CODE, FIELD_NAME,DESCRIPTION) values( 'DC0047','CREATEDBY',''); 
insert into ui_dc_field (UIDC_CODE, FIELD_NAME,DESCRIPTION) values( 'DC0047','CREATEDON',''); 
insert into ui_dc_field (UIDC_CODE, FIELD_NAME,DESCRIPTION) values( 'DC0047','FILE_NAME',''); 
insert into ui_dc_field (UIDC_CODE, FIELD_NAME,DESCRIPTION) values( 'DC0047','ID',''); 
insert into ui_dc_field (UIDC_CODE, FIELD_NAME,DESCRIPTION) values( 'DC0047','NOTES',''); 
insert into ui_dc_field (UIDC_CODE, FIELD_NAME,DESCRIPTION) values( 'DC0047','PROJECT_ISSUE_ID',''); 
insert into ui_dc_field (UIDC_CODE, FIELD_NAME,DESCRIPTION) values( 'DC0048','CREATEDBY',''); 
insert into ui_dc_field (UIDC_CODE, FIELD_NAME,DESCRIPTION) values( 'DC0048','CREATEDON',''); 
insert into ui_dc_field (UIDC_CODE, FIELD_NAME,DESCRIPTION) values( 'DC0048','ID',''); 
insert into ui_dc_field (UIDC_CODE, FIELD_NAME,DESCRIPTION) values( 'DC0048','MODIFIEDBY',''); 
insert into ui_dc_field (UIDC_CODE, FIELD_NAME,DESCRIPTION) values( 'DC0048','MODIFIEDON',''); 
insert into ui_dc_field (UIDC_CODE, FIELD_NAME,DESCRIPTION) values( 'DC0048','NOTE',''); 
insert into ui_dc_field (UIDC_CODE, FIELD_NAME,DESCRIPTION) values( 'DC0048','PROJECT_ISSUE_ID',''); 
insert into ui_dc_field (UIDC_CODE, FIELD_NAME,DESCRIPTION) values( 'DC0049','CODE',''); 
insert into ui_dc_field (UIDC_CODE, FIELD_NAME,DESCRIPTION) values( 'DC0049','ID',''); 
insert into ui_dc_field (UIDC_CODE, FIELD_NAME,DESCRIPTION) values( 'DC0049','NAME',''); 
insert into ui_dc_field (UIDC_CODE, FIELD_NAME,DESCRIPTION) values( 'DC0050','CODE',''); 
insert into ui_dc_field (UIDC_CODE, FIELD_NAME,DESCRIPTION) values( 'DC0050','ID',''); 
insert into ui_dc_field (UIDC_CODE, FIELD_NAME,DESCRIPTION) values( 'DC0050','NAME',''); 
insert into ui_dc_field (UIDC_CODE, FIELD_NAME,DESCRIPTION) values( 'DC0051','CODE',''); 
insert into ui_dc_field (UIDC_CODE, FIELD_NAME,DESCRIPTION) values( 'DC0051','ID',''); 
insert into ui_dc_field (UIDC_CODE, FIELD_NAME,DESCRIPTION) values( 'DC0051','NAME',''); 
insert into ui_dc_field (UIDC_CODE, FIELD_NAME,DESCRIPTION) values( 'DC0052','CODE',''); 
insert into ui_dc_field (UIDC_CODE, FIELD_NAME,DESCRIPTION) values( 'DC0052','ID',''); 
insert into ui_dc_field (UIDC_CODE, FIELD_NAME,DESCRIPTION) values( 'DC0052','NAME',''); 
insert into ui_dc_field (UIDC_CODE, FIELD_NAME,DESCRIPTION) values( 'DC0053','CODE',''); 
insert into ui_dc_field (UIDC_CODE, FIELD_NAME,DESCRIPTION) values( 'DC0053','ID',''); 
insert into ui_dc_field (UIDC_CODE, FIELD_NAME,DESCRIPTION) values( 'DC0053','NAME',''); 
insert into ui_dc_field (UIDC_CODE, FIELD_NAME,DESCRIPTION) values( 'DC0054','CODE',''); 
insert into ui_dc_field (UIDC_CODE, FIELD_NAME,DESCRIPTION) values( 'DC0054','ID',''); 
insert into ui_dc_field (UIDC_CODE, FIELD_NAME,DESCRIPTION) values( 'DC0054','NAME',''); 
insert into ui_dc_field (UIDC_CODE, FIELD_NAME,DESCRIPTION) values( 'DC0054','PROJECT_ID',''); 
insert into ui_dc_field (UIDC_CODE, FIELD_NAME,DESCRIPTION) values( 'DC0054','PROJECT_NAME',''); 
insert into ui_dc_field (UIDC_CODE, FIELD_NAME,DESCRIPTION) values( 'DC0055','CHARGED_DATE',''); 
insert into ui_dc_field (UIDC_CODE, FIELD_NAME,DESCRIPTION) values( 'DC0055','CLIENT_ID',''); 
insert into ui_dc_field (UIDC_CODE, FIELD_NAME,DESCRIPTION) values( 'DC0055','EFFORT',''); 
insert into ui_dc_field (UIDC_CODE, FIELD_NAME,DESCRIPTION) values( 'DC0055','EFFORT_UNIT',''); 
insert into ui_dc_field (UIDC_CODE, FIELD_NAME,DESCRIPTION) values( 'DC0055','ID',''); 
insert into ui_dc_field (UIDC_CODE, FIELD_NAME,DESCRIPTION) values( 'DC0055','IS_APPROVED',''); 
insert into ui_dc_field (UIDC_CODE, FIELD_NAME,DESCRIPTION) values( 'DC0055','IS_INSERTED',''); 
insert into ui_dc_field (UIDC_CODE, FIELD_NAME,DESCRIPTION) values( 'DC0055','PROJECT_ISSUE_ID',''); 
insert into ui_dc_field (UIDC_CODE, FIELD_NAME,DESCRIPTION) values( 'DC0055','USER_ACCOUNT',''); 
insert into ui_dc_field (UIDC_CODE, FIELD_NAME,DESCRIPTION) values( 'DC0056','ACCOUNT_PREPAYMENT',''); 
insert into ui_dc_field (UIDC_CODE, FIELD_NAME,DESCRIPTION) values( 'DC0056','ACCOUNT_RECEIVABLE',''); 
insert into ui_dc_field (UIDC_CODE, FIELD_NAME,DESCRIPTION) values( 'DC0056','ACCSCHEMA_ID',''); 
insert into ui_dc_field (UIDC_CODE, FIELD_NAME,DESCRIPTION) values( 'DC0056','ACCSCHEMA_NAME',''); 
insert into ui_dc_field (UIDC_CODE, FIELD_NAME,DESCRIPTION) values( 'DC0056','ACCSTAT_CODE',''); 
insert into ui_dc_field (UIDC_CODE, FIELD_NAME,DESCRIPTION) values( 'DC0056','ACCSTAT_DATE',''); 
insert into ui_dc_field (UIDC_CODE, FIELD_NAME,DESCRIPTION) values( 'DC0056','ACCT_PREPAYMENT',''); 
insert into ui_dc_field (UIDC_CODE, FIELD_NAME,DESCRIPTION) values( 'DC0056','ACCT_RECEIVABLE',''); 
insert into ui_dc_field (UIDC_CODE, FIELD_NAME,DESCRIPTION) values( 'DC0056','ACCT_RECEVABLE_SRVC',''); 
insert into ui_dc_field (UIDC_CODE, FIELD_NAME,DESCRIPTION) values( 'DC0056','BPARTNER_ID',''); 
insert into ui_dc_field (UIDC_CODE, FIELD_NAME,DESCRIPTION) values( 'DC0056','CLIENT_ID',''); 
insert into ui_dc_field (UIDC_CODE, FIELD_NAME,DESCRIPTION) values( 'DC0056','CLIENT_NAME',''); 
insert into ui_dc_field (UIDC_CODE, FIELD_NAME,DESCRIPTION) values( 'DC0056','CREATEDBY',''); 
insert into ui_dc_field (UIDC_CODE, FIELD_NAME,DESCRIPTION) values( 'DC0056','CREATEDON',''); 
insert into ui_dc_field (UIDC_CODE, FIELD_NAME,DESCRIPTION) values( 'DC0056','CREDITCLASS_CODE',''); 
insert into ui_dc_field (UIDC_CODE, FIELD_NAME,DESCRIPTION) values( 'DC0056','CUSTGROUP_CODE',''); 
insert into ui_dc_field (UIDC_CODE, FIELD_NAME,DESCRIPTION) values( 'DC0056','ID',''); 
insert into ui_dc_field (UIDC_CODE, FIELD_NAME,DESCRIPTION) values( 'DC0056','MAX_CREDIT_LIMIT',''); 
insert into ui_dc_field (UIDC_CODE, FIELD_NAME,DESCRIPTION) values( 'DC0056','MAX_PAYMENT_TERM',''); 
insert into ui_dc_field (UIDC_CODE, FIELD_NAME,DESCRIPTION) values( 'DC0056','MODIFIEDBY',''); 
insert into ui_dc_field (UIDC_CODE, FIELD_NAME,DESCRIPTION) values( 'DC0056','MODIFIEDON',''); 
insert into ui_dc_field (UIDC_CODE, FIELD_NAME,DESCRIPTION) values( 'DC0056','PAYMETHOD_CODE',''); 
insert into ui_dc_field (UIDC_CODE, FIELD_NAME,DESCRIPTION) values( 'DC0056','PAYTERMCLASS_CODE',''); 
insert into ui_dc_field (UIDC_CODE, FIELD_NAME,DESCRIPTION) values( 'DC0057','BPARTNER_ID',''); 
insert into ui_dc_field (UIDC_CODE, FIELD_NAME,DESCRIPTION) values( 'DC0057','EMAIL',''); 
insert into ui_dc_field (UIDC_CODE, FIELD_NAME,DESCRIPTION) values( 'DC0057','FAX',''); 
insert into ui_dc_field (UIDC_CODE, FIELD_NAME,DESCRIPTION) values( 'DC0057','FIRSTNAME',''); 
insert into ui_dc_field (UIDC_CODE, FIELD_NAME,DESCRIPTION) values( 'DC0057','ID',''); 
insert into ui_dc_field (UIDC_CODE, FIELD_NAME,DESCRIPTION) values( 'DC0057','LASTNAME',''); 
insert into ui_dc_field (UIDC_CODE, FIELD_NAME,DESCRIPTION) values( 'DC0057','MOBILE',''); 
insert into ui_dc_field (UIDC_CODE, FIELD_NAME,DESCRIPTION) values( 'DC0057','NAME',''); 
insert into ui_dc_field (UIDC_CODE, FIELD_NAME,DESCRIPTION) values( 'DC0057','NOTES',''); 
insert into ui_dc_field (UIDC_CODE, FIELD_NAME,DESCRIPTION) values( 'DC0057','PHONE',''); 
insert into ui_dc_field (UIDC_CODE, FIELD_NAME,DESCRIPTION) values( 'DC0058','BPARTNER_ID',''); 
insert into ui_dc_field (UIDC_CODE, FIELD_NAME,DESCRIPTION) values( 'DC0058','CMNCT_TYPE',''); 
insert into ui_dc_field (UIDC_CODE, FIELD_NAME,DESCRIPTION) values( 'DC0058','CMNCT_VALUE',''); 
insert into ui_dc_field (UIDC_CODE, FIELD_NAME,DESCRIPTION) values( 'DC0058','CREATEDBY',''); 
insert into ui_dc_field (UIDC_CODE, FIELD_NAME,DESCRIPTION) values( 'DC0058','CREATEDON',''); 
insert into ui_dc_field (UIDC_CODE, FIELD_NAME,DESCRIPTION) values( 'DC0058','ID',''); 
insert into ui_dc_field (UIDC_CODE, FIELD_NAME,DESCRIPTION) values( 'DC0058','MODIFIEDBY',''); 
insert into ui_dc_field (UIDC_CODE, FIELD_NAME,DESCRIPTION) values( 'DC0058','MODIFIEDON',''); 
insert into ui_dc_field (UIDC_CODE, FIELD_NAME,DESCRIPTION) values( 'DC0059','BILL_BPARTNER_CONTACT_ID',''); 
insert into ui_dc_field (UIDC_CODE, FIELD_NAME,DESCRIPTION) values( 'DC0059','BILL_BPARTNER_ID',''); 
insert into ui_dc_field (UIDC_CODE, FIELD_NAME,DESCRIPTION) values( 'DC0059','BILL_BPARTNER_NAME',''); 
insert into ui_dc_field (UIDC_CODE, FIELD_NAME,DESCRIPTION) values( 'DC0059','BPARTNER_CONTACT_ID',''); 
insert into ui_dc_field (UIDC_CODE, FIELD_NAME,DESCRIPTION) values( 'DC0059','BPARTNER_ID',''); 
insert into ui_dc_field (UIDC_CODE, FIELD_NAME,DESCRIPTION) values( 'DC0059','BPARTNER_NAME',''); 
insert into ui_dc_field (UIDC_CODE, FIELD_NAME,DESCRIPTION) values( 'DC0059','CLIENT_CODE',''); 
insert into ui_dc_field (UIDC_CODE, FIELD_NAME,DESCRIPTION) values( 'DC0059','CLIENT_ID',''); 
insert into ui_dc_field (UIDC_CODE, FIELD_NAME,DESCRIPTION) values( 'DC0059','CREATEDBY',''); 
insert into ui_dc_field (UIDC_CODE, FIELD_NAME,DESCRIPTION) values( 'DC0059','CREATEDON',''); 
insert into ui_dc_field (UIDC_CODE, FIELD_NAME,DESCRIPTION) values( 'DC0059','CURRENCY',''); 
insert into ui_dc_field (UIDC_CODE, FIELD_NAME,DESCRIPTION) values( 'DC0059','DELIV_BPARTNER_CONTACT_ID',''); 
insert into ui_dc_field (UIDC_CODE, FIELD_NAME,DESCRIPTION) values( 'DC0059','DELIV_BPARTNER_ID',''); 
insert into ui_dc_field (UIDC_CODE, FIELD_NAME,DESCRIPTION) values( 'DC0059','DELIV_BPARTNER_NAME',''); 
insert into ui_dc_field (UIDC_CODE, FIELD_NAME,DESCRIPTION) values( 'DC0059','DOC_DATE',''); 
insert into ui_dc_field (UIDC_CODE, FIELD_NAME,DESCRIPTION) values( 'DC0059','DOC_NO',''); 
insert into ui_dc_field (UIDC_CODE, FIELD_NAME,DESCRIPTION) values( 'DC0059','ID',''); 
insert into ui_dc_field (UIDC_CODE, FIELD_NAME,DESCRIPTION) values( 'DC0059','MODIFIEDBY',''); 
insert into ui_dc_field (UIDC_CODE, FIELD_NAME,DESCRIPTION) values( 'DC0059','MODIFIEDON',''); 
insert into ui_dc_field (UIDC_CODE, FIELD_NAME,DESCRIPTION) values( 'DC0059','PAYMETHOD_CODE',''); 
insert into ui_dc_field (UIDC_CODE, FIELD_NAME,DESCRIPTION) values( 'DC0059','PAY_BPARTNER_CONTACT_ID',''); 
insert into ui_dc_field (UIDC_CODE, FIELD_NAME,DESCRIPTION) values( 'DC0059','PAY_BPARTNER_ID',''); 
insert into ui_dc_field (UIDC_CODE, FIELD_NAME,DESCRIPTION) values( 'DC0059','PAY_BPARTNER_NAME',''); 
insert into ui_dc_field (UIDC_CODE, FIELD_NAME,DESCRIPTION) values( 'DC0059','REF_ORDER_ID',''); 
insert into ui_dc_field (UIDC_CODE, FIELD_NAME,DESCRIPTION) values( 'DC0059','REF_SORDER_ID',''); 
insert into ui_dc_field (UIDC_CODE, FIELD_NAME,DESCRIPTION) values( 'DC0059','SALESREP_ID',''); 
insert into ui_dc_field (UIDC_CODE, FIELD_NAME,DESCRIPTION) values( 'DC0059','TOTAL_AMOUNT',''); 
insert into ui_dc_field (UIDC_CODE, FIELD_NAME,DESCRIPTION) values( 'DC0060','BPORDER_ID',''); 
insert into ui_dc_field (UIDC_CODE, FIELD_NAME,DESCRIPTION) values( 'DC0060','CREATEDBY',''); 
insert into ui_dc_field (UIDC_CODE, FIELD_NAME,DESCRIPTION) values( 'DC0060','CREATEDON',''); 
insert into ui_dc_field (UIDC_CODE, FIELD_NAME,DESCRIPTION) values( 'DC0060','CURRENCY_CODE',''); 
insert into ui_dc_field (UIDC_CODE, FIELD_NAME,DESCRIPTION) values( 'DC0060','DATE_DELIVERED',''); 
insert into ui_dc_field (UIDC_CODE, FIELD_NAME,DESCRIPTION) values( 'DC0060','DATE_PROMISED',''); 
insert into ui_dc_field (UIDC_CODE, FIELD_NAME,DESCRIPTION) values( 'DC0060','DATE_REQUESTED',''); 
insert into ui_dc_field (UIDC_CODE, FIELD_NAME,DESCRIPTION) values( 'DC0060','DISCOUNT',''); 
insert into ui_dc_field (UIDC_CODE, FIELD_NAME,DESCRIPTION) values( 'DC0060','DISCOUNT_TYPE',''); 
insert into ui_dc_field (UIDC_CODE, FIELD_NAME,DESCRIPTION) values( 'DC0060','ID',''); 
insert into ui_dc_field (UIDC_CODE, FIELD_NAME,DESCRIPTION) values( 'DC0060','LINE_NR',''); 
insert into ui_dc_field (UIDC_CODE, FIELD_NAME,DESCRIPTION) values( 'DC0060','MODIFIEDBY',''); 
insert into ui_dc_field (UIDC_CODE, FIELD_NAME,DESCRIPTION) values( 'DC0060','MODIFIEDON',''); 
insert into ui_dc_field (UIDC_CODE, FIELD_NAME,DESCRIPTION) values( 'DC0060','NET_AMOUNT',''); 
insert into ui_dc_field (UIDC_CODE, FIELD_NAME,DESCRIPTION) values( 'DC0060','NOTES',''); 
insert into ui_dc_field (UIDC_CODE, FIELD_NAME,DESCRIPTION) values( 'DC0060','PRICE',''); 
insert into ui_dc_field (UIDC_CODE, FIELD_NAME,DESCRIPTION) values( 'DC0060','PRODUCT_ID',''); 
insert into ui_dc_field (UIDC_CODE, FIELD_NAME,DESCRIPTION) values( 'DC0060','PRODUCT_NAME',''); 
insert into ui_dc_field (UIDC_CODE, FIELD_NAME,DESCRIPTION) values( 'DC0060','QTY',''); 
insert into ui_dc_field (UIDC_CODE, FIELD_NAME,DESCRIPTION) values( 'DC0060','QTY_DELIVERED',''); 
insert into ui_dc_field (UIDC_CODE, FIELD_NAME,DESCRIPTION) values( 'DC0060','QTY_INVOICED',''); 
insert into ui_dc_field (UIDC_CODE, FIELD_NAME,DESCRIPTION) values( 'DC0060','QTY_ORDERED',''); 
insert into ui_dc_field (UIDC_CODE, FIELD_NAME,DESCRIPTION) values( 'DC0060','QTY_RESERVED',''); 
insert into ui_dc_field (UIDC_CODE, FIELD_NAME,DESCRIPTION) values( 'DC0060','RAW_NET_AMOUNT',''); 
insert into ui_dc_field (UIDC_CODE, FIELD_NAME,DESCRIPTION) values( 'DC0060','SORDER_ID',''); 
insert into ui_dc_field (UIDC_CODE, FIELD_NAME,DESCRIPTION) values( 'DC0060','UOM_CODE',''); 
insert into ui_dc_field (UIDC_CODE, FIELD_NAME,DESCRIPTION) values( 'DC0061','ASSETGRP_ID',''); 
insert into ui_dc_field (UIDC_CODE, FIELD_NAME,DESCRIPTION) values( 'DC0061','ASSETGRP_NAME',''); 
insert into ui_dc_field (UIDC_CODE, FIELD_NAME,DESCRIPTION) values( 'DC0061','BPARTNER_ID',''); 
insert into ui_dc_field (UIDC_CODE, FIELD_NAME,DESCRIPTION) values( 'DC0061','CLIENT_CODE',''); 
insert into ui_dc_field (UIDC_CODE, FIELD_NAME,DESCRIPTION) values( 'DC0061','CLIENT_ID',''); 
insert into ui_dc_field (UIDC_CODE, FIELD_NAME,DESCRIPTION) values( 'DC0061','CLIORG_ID',''); 
insert into ui_dc_field (UIDC_CODE, FIELD_NAME,DESCRIPTION) values( 'DC0061','CREATEDBY',''); 
insert into ui_dc_field (UIDC_CODE, FIELD_NAME,DESCRIPTION) values( 'DC0061','CREATEDON',''); 
insert into ui_dc_field (UIDC_CODE, FIELD_NAME,DESCRIPTION) values( 'DC0061','DEPREC_BASE_VALUE',''); 
insert into ui_dc_field (UIDC_CODE, FIELD_NAME,DESCRIPTION) values( 'DC0061','DEPREC_MONTHS',''); 
insert into ui_dc_field (UIDC_CODE, FIELD_NAME,DESCRIPTION) values( 'DC0061','DEPREC_MONTHS_REMAINED',''); 
insert into ui_dc_field (UIDC_CODE, FIELD_NAME,DESCRIPTION) values( 'DC0061','ID',''); 
insert into ui_dc_field (UIDC_CODE, FIELD_NAME,DESCRIPTION) values( 'DC0061','INUSE_BPARTNER_ID',''); 
insert into ui_dc_field (UIDC_CODE, FIELD_NAME,DESCRIPTION) values( 'DC0061','IS_ACTIVE',''); 
insert into ui_dc_field (UIDC_CODE, FIELD_NAME,DESCRIPTION) values( 'DC0061','IS_DEPRECIATED',''); 
insert into ui_dc_field (UIDC_CODE, FIELD_NAME,DESCRIPTION) values( 'DC0061','IS_DISPOSED',''); 
insert into ui_dc_field (UIDC_CODE, FIELD_NAME,DESCRIPTION) values( 'DC0061','IS_INPOSESSION',''); 
insert into ui_dc_field (UIDC_CODE, FIELD_NAME,DESCRIPTION) values( 'DC0061','IS_OWNED',''); 
insert into ui_dc_field (UIDC_CODE, FIELD_NAME,DESCRIPTION) values( 'DC0061','LAST_MAINTENANCE_DATE',''); 
insert into ui_dc_field (UIDC_CODE, FIELD_NAME,DESCRIPTION) values( 'DC0061','MAINTENANCE_PLAN_ID',''); 
insert into ui_dc_field (UIDC_CODE, FIELD_NAME,DESCRIPTION) values( 'DC0061','MODIFIEDBY',''); 
insert into ui_dc_field (UIDC_CODE, FIELD_NAME,DESCRIPTION) values( 'DC0061','MODIFIEDON',''); 
insert into ui_dc_field (UIDC_CODE, FIELD_NAME,DESCRIPTION) values( 'DC0061','NAME',''); 
insert into ui_dc_field (UIDC_CODE, FIELD_NAME,DESCRIPTION) values( 'DC0061','NEXT_MAINTENENCE_DATE',''); 
insert into ui_dc_field (UIDC_CODE, FIELD_NAME,DESCRIPTION) values( 'DC0061','NOTES',''); 
insert into ui_dc_field (UIDC_CODE, FIELD_NAME,DESCRIPTION) values( 'DC0061','PRODUCT_ID',''); 
insert into ui_dc_field (UIDC_CODE, FIELD_NAME,DESCRIPTION) values( 'DC0061','QUANTITY',''); 
insert into ui_dc_field (UIDC_CODE, FIELD_NAME,DESCRIPTION) values( 'DC0061','SERIAL_NO',''); 
insert into ui_dc_field (UIDC_CODE, FIELD_NAME,DESCRIPTION) values( 'DC0061','WITH_DEPRECIATION',''); 
insert into ui_dc_field (UIDC_CODE, FIELD_NAME,DESCRIPTION) values( 'DC0062','CLIENT_CODE',''); 
insert into ui_dc_field (UIDC_CODE, FIELD_NAME,DESCRIPTION) values( 'DC0062','CLIENT_ID',''); 
insert into ui_dc_field (UIDC_CODE, FIELD_NAME,DESCRIPTION) values( 'DC0062','CODE',''); 
insert into ui_dc_field (UIDC_CODE, FIELD_NAME,DESCRIPTION) values( 'DC0062','CREATEDBY',''); 
insert into ui_dc_field (UIDC_CODE, FIELD_NAME,DESCRIPTION) values( 'DC0062','CREATEDON',''); 
insert into ui_dc_field (UIDC_CODE, FIELD_NAME,DESCRIPTION) values( 'DC0062','ID',''); 
insert into ui_dc_field (UIDC_CODE, FIELD_NAME,DESCRIPTION) values( 'DC0062','MODIFIEDBY',''); 
insert into ui_dc_field (UIDC_CODE, FIELD_NAME,DESCRIPTION) values( 'DC0062','MODIFIEDON',''); 
insert into ui_dc_field (UIDC_CODE, FIELD_NAME,DESCRIPTION) values( 'DC0062','NAME',''); 
insert into ui_dc_field (UIDC_CODE, FIELD_NAME,DESCRIPTION) values( 'DC0063','BPARTNER_CONTACT_ID',''); 
insert into ui_dc_field (UIDC_CODE, FIELD_NAME,DESCRIPTION) values( 'DC0063','BPARTNER_ID',''); 
insert into ui_dc_field (UIDC_CODE, FIELD_NAME,DESCRIPTION) values( 'DC0063','BPARTNER_NAME',''); 
insert into ui_dc_field (UIDC_CODE, FIELD_NAME,DESCRIPTION) values( 'DC0063','CLIENT_CODE',''); 
insert into ui_dc_field (UIDC_CODE, FIELD_NAME,DESCRIPTION) values( 'DC0063','CLIENT_ID',''); 
insert into ui_dc_field (UIDC_CODE, FIELD_NAME,DESCRIPTION) values( 'DC0063','CREATEDBY',''); 
insert into ui_dc_field (UIDC_CODE, FIELD_NAME,DESCRIPTION) values( 'DC0063','CREATEDON',''); 
insert into ui_dc_field (UIDC_CODE, FIELD_NAME,DESCRIPTION) values( 'DC0063','CURRENCY',''); 
insert into ui_dc_field (UIDC_CODE, FIELD_NAME,DESCRIPTION) values( 'DC0063','DOC_DATE',''); 
insert into ui_dc_field (UIDC_CODE, FIELD_NAME,DESCRIPTION) values( 'DC0063','DOC_NO',''); 
insert into ui_dc_field (UIDC_CODE, FIELD_NAME,DESCRIPTION) values( 'DC0063','ID',''); 
insert into ui_dc_field (UIDC_CODE, FIELD_NAME,DESCRIPTION) values( 'DC0063','MODIFIEDBY',''); 
insert into ui_dc_field (UIDC_CODE, FIELD_NAME,DESCRIPTION) values( 'DC0063','MODIFIEDON',''); 
insert into ui_dc_field (UIDC_CODE, FIELD_NAME,DESCRIPTION) values( 'DC0063','REF_PORDER_ID',''); 
insert into ui_dc_field (UIDC_CODE, FIELD_NAME,DESCRIPTION) values( 'DC0063','TOTAL_AMOUNT',''); 
insert into ui_dc_field (UIDC_CODE, FIELD_NAME,DESCRIPTION) values( 'DC0064','CREATEDBY',''); 
insert into ui_dc_field (UIDC_CODE, FIELD_NAME,DESCRIPTION) values( 'DC0064','CREATEDON',''); 
insert into ui_dc_field (UIDC_CODE, FIELD_NAME,DESCRIPTION) values( 'DC0064','CURRENCY_CODE',''); 
insert into ui_dc_field (UIDC_CODE, FIELD_NAME,DESCRIPTION) values( 'DC0064','DATE_DELIVERED',''); 
insert into ui_dc_field (UIDC_CODE, FIELD_NAME,DESCRIPTION) values( 'DC0064','DATE_PROMISED',''); 
insert into ui_dc_field (UIDC_CODE, FIELD_NAME,DESCRIPTION) values( 'DC0064','DATE_REQUESTED',''); 
insert into ui_dc_field (UIDC_CODE, FIELD_NAME,DESCRIPTION) values( 'DC0064','ID',''); 
insert into ui_dc_field (UIDC_CODE, FIELD_NAME,DESCRIPTION) values( 'DC0064','LINE_NR',''); 
insert into ui_dc_field (UIDC_CODE, FIELD_NAME,DESCRIPTION) values( 'DC0064','MODIFIEDBY',''); 
insert into ui_dc_field (UIDC_CODE, FIELD_NAME,DESCRIPTION) values( 'DC0064','MODIFIEDON',''); 
insert into ui_dc_field (UIDC_CODE, FIELD_NAME,DESCRIPTION) values( 'DC0064','NET_AMOUNT',''); 
insert into ui_dc_field (UIDC_CODE, FIELD_NAME,DESCRIPTION) values( 'DC0064','NOTES',''); 
insert into ui_dc_field (UIDC_CODE, FIELD_NAME,DESCRIPTION) values( 'DC0064','PORDER_ID',''); 
insert into ui_dc_field (UIDC_CODE, FIELD_NAME,DESCRIPTION) values( 'DC0064','PRICE',''); 
insert into ui_dc_field (UIDC_CODE, FIELD_NAME,DESCRIPTION) values( 'DC0064','PRODUCT_ID',''); 
insert into ui_dc_field (UIDC_CODE, FIELD_NAME,DESCRIPTION) values( 'DC0064','PRODUCT_NAME',''); 
insert into ui_dc_field (UIDC_CODE, FIELD_NAME,DESCRIPTION) values( 'DC0064','QTY',''); 
insert into ui_dc_field (UIDC_CODE, FIELD_NAME,DESCRIPTION) values( 'DC0064','UOM_CODE',''); 
insert into ui_dc_field (UIDC_CODE, FIELD_NAME,DESCRIPTION) values( 'DC0065','CLIENT_CODE',''); 
insert into ui_dc_field (UIDC_CODE, FIELD_NAME,DESCRIPTION) values( 'DC0065','CLIENT_ID',''); 
insert into ui_dc_field (UIDC_CODE, FIELD_NAME,DESCRIPTION) values( 'DC0065','DOCUMENT_TYPE',''); 
insert into ui_dc_field (UIDC_CODE, FIELD_NAME,DESCRIPTION) values( 'DC0065','ID',''); 
insert into ui_dc_field (UIDC_CODE, FIELD_NAME,DESCRIPTION) values( 'DC0065','SERIAL',''); 
insert into ui_dc_field (UIDC_CODE, FIELD_NAME,DESCRIPTION) values( 'DC0066','CREATEDBY',''); 
insert into ui_dc_field (UIDC_CODE, FIELD_NAME,DESCRIPTION) values( 'DC0066','CREATEDON',''); 
insert into ui_dc_field (UIDC_CODE, FIELD_NAME,DESCRIPTION) values( 'DC0066','ID',''); 
insert into ui_dc_field (UIDC_CODE, FIELD_NAME,DESCRIPTION) values( 'DC0066','LINK',''); 
insert into ui_dc_field (UIDC_CODE, FIELD_NAME,DESCRIPTION) values( 'DC0066','MENUITEM_ID',''); 
insert into ui_dc_field (UIDC_CODE, FIELD_NAME,DESCRIPTION) values( 'DC0066','MENUSHRCT_ID',''); 
insert into ui_dc_field (UIDC_CODE, FIELD_NAME,DESCRIPTION) values( 'DC0066','MODIFIEDBY',''); 
insert into ui_dc_field (UIDC_CODE, FIELD_NAME,DESCRIPTION) values( 'DC0066','MODIFIEDON',''); 
insert into ui_dc_field (UIDC_CODE, FIELD_NAME,DESCRIPTION) values( 'DC0066','OWNER',''); 
insert into ui_dc_field (UIDC_CODE, FIELD_NAME,DESCRIPTION) values( 'DC0066','POSITION',''); 
insert into ui_dc_field (UIDC_CODE, FIELD_NAME,DESCRIPTION) values( 'DC0066','TITLE',''); 
insert into ui_dc_field (UIDC_CODE, FIELD_NAME,DESCRIPTION) values( 'DC0067','CREATEDBY',''); 
insert into ui_dc_field (UIDC_CODE, FIELD_NAME,DESCRIPTION) values( 'DC0067','CREATEDON',''); 
insert into ui_dc_field (UIDC_CODE, FIELD_NAME,DESCRIPTION) values( 'DC0067','DESCRIPTION',''); 
insert into ui_dc_field (UIDC_CODE, FIELD_NAME,DESCRIPTION) values( 'DC0067','ID',''); 
insert into ui_dc_field (UIDC_CODE, FIELD_NAME,DESCRIPTION) values( 'DC0067','MODIFIEDBY',''); 
insert into ui_dc_field (UIDC_CODE, FIELD_NAME,DESCRIPTION) values( 'DC0067','MODIFIEDON',''); 
insert into ui_dc_field (UIDC_CODE, FIELD_NAME,DESCRIPTION) values( 'DC0067','NAME',''); 
insert into ui_dc_field (UIDC_CODE, FIELD_NAME,DESCRIPTION) values( 'DC0068','CREATEDBY',''); 
insert into ui_dc_field (UIDC_CODE, FIELD_NAME,DESCRIPTION) values( 'DC0068','CREATEDON',''); 
insert into ui_dc_field (UIDC_CODE, FIELD_NAME,DESCRIPTION) values( 'DC0068','ID',''); 
insert into ui_dc_field (UIDC_CODE, FIELD_NAME,DESCRIPTION) values( 'DC0068','ROLE_NAME',''); 
insert into ui_dc_field (UIDC_CODE, FIELD_NAME,DESCRIPTION) values( 'DC0068','USER_ID',''); 
insert into ui_dc_field (UIDC_CODE, FIELD_NAME,DESCRIPTION) values( 'DC0069','BPARTNER_ID',''); 
insert into ui_dc_field (UIDC_CODE, FIELD_NAME,DESCRIPTION) values( 'DC0069','BPARTNER_NAME',''); 
insert into ui_dc_field (UIDC_CODE, FIELD_NAME,DESCRIPTION) values( 'DC0069','CREATEDBY',''); 
insert into ui_dc_field (UIDC_CODE, FIELD_NAME,DESCRIPTION) values( 'DC0069','CREATEDON',''); 
insert into ui_dc_field (UIDC_CODE, FIELD_NAME,DESCRIPTION) values( 'DC0069','EMAIL',''); 
insert into ui_dc_field (UIDC_CODE, FIELD_NAME,DESCRIPTION) values( 'DC0069','FAX',''); 
insert into ui_dc_field (UIDC_CODE, FIELD_NAME,DESCRIPTION) values( 'DC0069','FIRSTNAME',''); 
insert into ui_dc_field (UIDC_CODE, FIELD_NAME,DESCRIPTION) values( 'DC0069','ID',''); 
insert into ui_dc_field (UIDC_CODE, FIELD_NAME,DESCRIPTION) values( 'DC0069','LASTNAME',''); 
insert into ui_dc_field (UIDC_CODE, FIELD_NAME,DESCRIPTION) values( 'DC0069','MOBILE',''); 
insert into ui_dc_field (UIDC_CODE, FIELD_NAME,DESCRIPTION) values( 'DC0069','MODIFIEDBY',''); 
insert into ui_dc_field (UIDC_CODE, FIELD_NAME,DESCRIPTION) values( 'DC0069','MODIFIEDON',''); 
insert into ui_dc_field (UIDC_CODE, FIELD_NAME,DESCRIPTION) values( 'DC0069','NAME',''); 
insert into ui_dc_field (UIDC_CODE, FIELD_NAME,DESCRIPTION) values( 'DC0069','NOTES',''); 
insert into ui_dc_field (UIDC_CODE, FIELD_NAME,DESCRIPTION) values( 'DC0069','PHONE',''); 
insert into ui_dc_field (UIDC_CODE, FIELD_NAME,DESCRIPTION) values( 'DC0070','CREATEDBY',''); 
insert into ui_dc_field (UIDC_CODE, FIELD_NAME,DESCRIPTION) values( 'DC0070','CREATEDON',''); 
insert into ui_dc_field (UIDC_CODE, FIELD_NAME,DESCRIPTION) values( 'DC0070','ID',''); 
insert into ui_dc_field (UIDC_CODE, FIELD_NAME,DESCRIPTION) values( 'DC0070','MENUITEM_ID',''); 
insert into ui_dc_field (UIDC_CODE, FIELD_NAME,DESCRIPTION) values( 'DC0070','MODIFIEDBY',''); 
insert into ui_dc_field (UIDC_CODE, FIELD_NAME,DESCRIPTION) values( 'DC0070','MODIFIEDON',''); 
insert into ui_dc_field (UIDC_CODE, FIELD_NAME,DESCRIPTION) values( 'DC0070','ROLE_NAME',''); 
insert into ui_dc_field (UIDC_CODE, FIELD_NAME,DESCRIPTION) values( 'DC0071','CREATEDBY',''); 
insert into ui_dc_field (UIDC_CODE, FIELD_NAME,DESCRIPTION) values( 'DC0071','CREATEDON',''); 
insert into ui_dc_field (UIDC_CODE, FIELD_NAME,DESCRIPTION) values( 'DC0071','DELETE_ALLOWED',''); 
insert into ui_dc_field (UIDC_CODE, FIELD_NAME,DESCRIPTION) values( 'DC0071','FETCH_ALLOWED',''); 
insert into ui_dc_field (UIDC_CODE, FIELD_NAME,DESCRIPTION) values( 'DC0071','ID',''); 
insert into ui_dc_field (UIDC_CODE, FIELD_NAME,DESCRIPTION) values( 'DC0071','INSERT_ALLOWED',''); 
insert into ui_dc_field (UIDC_CODE, FIELD_NAME,DESCRIPTION) values( 'DC0071','MODIFIEDBY',''); 
insert into ui_dc_field (UIDC_CODE, FIELD_NAME,DESCRIPTION) values( 'DC0071','MODIFIEDON',''); 
insert into ui_dc_field (UIDC_CODE, FIELD_NAME,DESCRIPTION) values( 'DC0071','ROLE_NAME',''); 
insert into ui_dc_field (UIDC_CODE, FIELD_NAME,DESCRIPTION) values( 'DC0071','UI_DC',''); 
insert into ui_dc_field (UIDC_CODE, FIELD_NAME,DESCRIPTION) values( 'DC0071','UPDATE_ALLOWED',''); 
insert into ui_dc_field (UIDC_CODE, FIELD_NAME,DESCRIPTION) values( 'DC0072','ID',''); 
insert into ui_dc_field (UIDC_CODE, FIELD_NAME,DESCRIPTION) values( 'DC0072','IP_ADRESS',''); 
insert into ui_dc_field (UIDC_CODE, FIELD_NAME,DESCRIPTION) values( 'DC0072','LOGIN',''); 
insert into ui_dc_field (UIDC_CODE, FIELD_NAME,DESCRIPTION) values( 'DC0072','LOGOUT',''); 
insert into ui_dc_field (UIDC_CODE, FIELD_NAME,DESCRIPTION) values( 'DC0072','USERNAME',''); 
insert into ui_dc_field (UIDC_CODE, FIELD_NAME,DESCRIPTION) values( 'DC0073','DESCRIPTION',''); 
insert into ui_dc_field (UIDC_CODE, FIELD_NAME,DESCRIPTION) values( 'DC0073','ID',''); 
insert into ui_dc_field (UIDC_CODE, FIELD_NAME,DESCRIPTION) values( 'DC0073','NAME',''); 
insert into ui_dc_field (UIDC_CODE, FIELD_NAME,DESCRIPTION) values( 'DC0073','PRODATTRGRP_ID',''); 
insert into ui_dc_field (UIDC_CODE, FIELD_NAME,DESCRIPTION) values( 'DC0073','PRODATTRGRP_NAME',''); 
insert into ui_dc_field (UIDC_CODE, FIELD_NAME,DESCRIPTION) values( 'DC0074','CREATEDBY',''); 
insert into ui_dc_field (UIDC_CODE, FIELD_NAME,DESCRIPTION) values( 'DC0074','CREATEDON',''); 
insert into ui_dc_field (UIDC_CODE, FIELD_NAME,DESCRIPTION) values( 'DC0074','DATA_TYPE',''); 
insert into ui_dc_field (UIDC_CODE, FIELD_NAME,DESCRIPTION) values( 'DC0074','DESCRIPTION',''); 
insert into ui_dc_field (UIDC_CODE, FIELD_NAME,DESCRIPTION) values( 'DC0074','ID',''); 
insert into ui_dc_field (UIDC_CODE, FIELD_NAME,DESCRIPTION) values( 'DC0074','MODIFIEDBY',''); 
insert into ui_dc_field (UIDC_CODE, FIELD_NAME,DESCRIPTION) values( 'DC0074','MODIFIEDON',''); 
insert into ui_dc_field (UIDC_CODE, FIELD_NAME,DESCRIPTION) values( 'DC0074','NAME',''); 
insert into ui_dc_field (UIDC_CODE, FIELD_NAME,DESCRIPTION) values( 'DC0074','PRODATTRGRP_ID',''); 
insert into ui_dc_field (UIDC_CODE, FIELD_NAME,DESCRIPTION) values( 'DC0074','PRODATTRGRP_NAME',''); 
insert into ui_dc_field (UIDC_CODE, FIELD_NAME,DESCRIPTION) values( 'DC0075','ID',''); 
insert into ui_dc_field (UIDC_CODE, FIELD_NAME,DESCRIPTION) values( 'DC0075','NAME',''); 
insert into ui_dc_field (UIDC_CODE, FIELD_NAME,DESCRIPTION) values( 'DC0076','CLIENT_CODE',''); 
insert into ui_dc_field (UIDC_CODE, FIELD_NAME,DESCRIPTION) values( 'DC0076','CLIENT_ID',''); 
insert into ui_dc_field (UIDC_CODE, FIELD_NAME,DESCRIPTION) values( 'DC0076','COPY_FROM_LIST_IS',''); 
insert into ui_dc_field (UIDC_CODE, FIELD_NAME,DESCRIPTION) values( 'DC0076','CREATEDBY',''); 
insert into ui_dc_field (UIDC_CODE, FIELD_NAME,DESCRIPTION) values( 'DC0076','CREATEDON',''); 
insert into ui_dc_field (UIDC_CODE, FIELD_NAME,DESCRIPTION) values( 'DC0076','CURRENCY',''); 
insert into ui_dc_field (UIDC_CODE, FIELD_NAME,DESCRIPTION) values( 'DC0076','ID',''); 
insert into ui_dc_field (UIDC_CODE, FIELD_NAME,DESCRIPTION) values( 'DC0076','MODIFIEDBY',''); 
insert into ui_dc_field (UIDC_CODE, FIELD_NAME,DESCRIPTION) values( 'DC0076','MODIFIEDON',''); 
insert into ui_dc_field (UIDC_CODE, FIELD_NAME,DESCRIPTION) values( 'DC0076','VALID_FROM',''); 
insert into ui_dc_field (UIDC_CODE, FIELD_NAME,DESCRIPTION) values( 'DC0076','VALID_TO',''); 
insert into ui_dc_field (UIDC_CODE, FIELD_NAME,DESCRIPTION) values( 'DC0077','ATTR_VAL',''); 
insert into ui_dc_field (UIDC_CODE, FIELD_NAME,DESCRIPTION) values( 'DC0077','CREATEDBY',''); 
insert into ui_dc_field (UIDC_CODE, FIELD_NAME,DESCRIPTION) values( 'DC0077','CREATEDON',''); 
insert into ui_dc_field (UIDC_CODE, FIELD_NAME,DESCRIPTION) values( 'DC0077','ID',''); 
insert into ui_dc_field (UIDC_CODE, FIELD_NAME,DESCRIPTION) values( 'DC0077','MODIFIEDBY',''); 
insert into ui_dc_field (UIDC_CODE, FIELD_NAME,DESCRIPTION) values( 'DC0077','MODIFIEDON',''); 
insert into ui_dc_field (UIDC_CODE, FIELD_NAME,DESCRIPTION) values( 'DC0077','PRDATTR_ID',''); 
insert into ui_dc_field (UIDC_CODE, FIELD_NAME,DESCRIPTION) values( 'DC0077','PRDATTR_NAME',''); 
insert into ui_dc_field (UIDC_CODE, FIELD_NAME,DESCRIPTION) values( 'DC0077','PRODUCT_ID',''); 
insert into ui_dc_field (UIDC_CODE, FIELD_NAME,DESCRIPTION) values( 'DC0077','PRODUCT_NAME',''); 
insert into ui_dc_field (UIDC_CODE, FIELD_NAME,DESCRIPTION) values( 'DC0078','CLIENT_CODE',''); 
insert into ui_dc_field (UIDC_CODE, FIELD_NAME,DESCRIPTION) values( 'DC0078','CLIENT_ID',''); 
insert into ui_dc_field (UIDC_CODE, FIELD_NAME,DESCRIPTION) values( 'DC0078','CREATEDBY',''); 
insert into ui_dc_field (UIDC_CODE, FIELD_NAME,DESCRIPTION) values( 'DC0078','CREATEDON',''); 
insert into ui_dc_field (UIDC_CODE, FIELD_NAME,DESCRIPTION) values( 'DC0078','DOC_DATE',''); 
insert into ui_dc_field (UIDC_CODE, FIELD_NAME,DESCRIPTION) values( 'DC0078','DOC_NO',''); 
insert into ui_dc_field (UIDC_CODE, FIELD_NAME,DESCRIPTION) values( 'DC0078','DOC_TYPE',''); 
insert into ui_dc_field (UIDC_CODE, FIELD_NAME,DESCRIPTION) values( 'DC0078','FROM_BPARTNER_ID',''); 
insert into ui_dc_field (UIDC_CODE, FIELD_NAME,DESCRIPTION) values( 'DC0078','ID',''); 
insert into ui_dc_field (UIDC_CODE, FIELD_NAME,DESCRIPTION) values( 'DC0078','MODIFIEDBY',''); 
insert into ui_dc_field (UIDC_CODE, FIELD_NAME,DESCRIPTION) values( 'DC0078','MODIFIEDON',''); 
insert into ui_dc_field (UIDC_CODE, FIELD_NAME,DESCRIPTION) values( 'DC0078','NOTES',''); 
insert into ui_dc_field (UIDC_CODE, FIELD_NAME,DESCRIPTION) values( 'DC0078','ORGINV_ID',''); 
insert into ui_dc_field (UIDC_CODE, FIELD_NAME,DESCRIPTION) values( 'DC0078','ORGINV_NAME',''); 
insert into ui_dc_field (UIDC_CODE, FIELD_NAME,DESCRIPTION) values( 'DC0078','ORG_ID',''); 
insert into ui_dc_field (UIDC_CODE, FIELD_NAME,DESCRIPTION) values( 'DC0078','ORG_NAME',''); 
insert into ui_dc_field (UIDC_CODE, FIELD_NAME,DESCRIPTION) values( 'DC0078','QTY_CHECK',''); 
insert into ui_dc_field (UIDC_CODE, FIELD_NAME,DESCRIPTION) values( 'DC0078','QTY_CHECK_BY',''); 
insert into ui_dc_field (UIDC_CODE, FIELD_NAME,DESCRIPTION) values( 'DC0078','QTY_CHECK_ON',''); 
insert into ui_dc_field (UIDC_CODE, FIELD_NAME,DESCRIPTION) values( 'DC0078','QUALITY_CHECK',''); 
insert into ui_dc_field (UIDC_CODE, FIELD_NAME,DESCRIPTION) values( 'DC0078','QUALITY_CHECK_BY',''); 
insert into ui_dc_field (UIDC_CODE, FIELD_NAME,DESCRIPTION) values( 'DC0078','QUALITY_CHECK_ON',''); 
insert into ui_dc_field (UIDC_CODE, FIELD_NAME,DESCRIPTION) values( 'DC0078','RINV_ID',''); 
insert into ui_dc_field (UIDC_CODE, FIELD_NAME,DESCRIPTION) values( 'DC0078','VALUE_CHECK',''); 
insert into ui_dc_field (UIDC_CODE, FIELD_NAME,DESCRIPTION) values( 'DC0078','VALUE_CHECK_BY',''); 
insert into ui_dc_field (UIDC_CODE, FIELD_NAME,DESCRIPTION) values( 'DC0078','VALUE_CHECK_ON',''); 
insert into ui_dc_field (UIDC_CODE, FIELD_NAME,DESCRIPTION) values( 'DC0079','CODE',''); 
insert into ui_dc_field (UIDC_CODE, FIELD_NAME,DESCRIPTION) values( 'DC0079','ID',''); 
insert into ui_dc_field (UIDC_CODE, FIELD_NAME,DESCRIPTION) values( 'DC0079','NAME',''); 
insert into ui_dc_field (UIDC_CODE, FIELD_NAME,DESCRIPTION) values( 'DC0080','BASE_DOC_CURRENCY',''); 
insert into ui_dc_field (UIDC_CODE, FIELD_NAME,DESCRIPTION) values( 'DC0080','BASE_DOC_PRICE',''); 
insert into ui_dc_field (UIDC_CODE, FIELD_NAME,DESCRIPTION) values( 'DC0080','BASE_DOC_QTY',''); 
insert into ui_dc_field (UIDC_CODE, FIELD_NAME,DESCRIPTION) values( 'DC0080','ID',''); 
insert into ui_dc_field (UIDC_CODE, FIELD_NAME,DESCRIPTION) values( 'DC0080','INVENTORY_QTY',''); 
insert into ui_dc_field (UIDC_CODE, FIELD_NAME,DESCRIPTION) values( 'DC0080','LINE_NO',''); 
insert into ui_dc_field (UIDC_CODE, FIELD_NAME,DESCRIPTION) values( 'DC0080','MVMNTINDOC_ID',''); 
insert into ui_dc_field (UIDC_CODE, FIELD_NAME,DESCRIPTION) values( 'DC0080','NOTES',''); 
insert into ui_dc_field (UIDC_CODE, FIELD_NAME,DESCRIPTION) values( 'DC0080','PRODUCT_ID',''); 
insert into ui_dc_field (UIDC_CODE, FIELD_NAME,DESCRIPTION) values( 'DC0080','PRODUCT_NAME',''); 
insert into ui_dc_field (UIDC_CODE, FIELD_NAME,DESCRIPTION) values( 'DC0080','QTY',''); 
insert into ui_dc_field (UIDC_CODE, FIELD_NAME,DESCRIPTION) values( 'DC0080','RECEIVED_QTY',''); 
insert into ui_dc_field (UIDC_CODE, FIELD_NAME,DESCRIPTION) values( 'DC0080','STOCKLOC_CODE',''); 
insert into ui_dc_field (UIDC_CODE, FIELD_NAME,DESCRIPTION) values( 'DC0080','STOCKLOC_ID',''); 
insert into ui_dc_field (UIDC_CODE, FIELD_NAME,DESCRIPTION) values( 'DC0080','UOM',''); 
insert into ui_dc_field (UIDC_CODE, FIELD_NAME,DESCRIPTION) values( 'DC0081','BPARTNER_ID',''); 
insert into ui_dc_field (UIDC_CODE, FIELD_NAME,DESCRIPTION) values( 'DC0081','BPARTNER_NAME',''); 
insert into ui_dc_field (UIDC_CODE, FIELD_NAME,DESCRIPTION) values( 'DC0081','CODE',''); 
insert into ui_dc_field (UIDC_CODE, FIELD_NAME,DESCRIPTION) values( 'DC0081','DEFAULT_CLIENT',''); 
insert into ui_dc_field (UIDC_CODE, FIELD_NAME,DESCRIPTION) values( 'DC0081','ID',''); 
insert into ui_dc_field (UIDC_CODE, FIELD_NAME,DESCRIPTION) values( 'DC0081','NAME',''); 
insert into ui_dc_field (UIDC_CODE, FIELD_NAME,DESCRIPTION) values( 'DC0082','ACTIVE',''); 
insert into ui_dc_field (UIDC_CODE, FIELD_NAME,DESCRIPTION) values( 'DC0082','BPARTNER_ID',''); 
insert into ui_dc_field (UIDC_CODE, FIELD_NAME,DESCRIPTION) values( 'DC0082','CLIENT_CODE',''); 
insert into ui_dc_field (UIDC_CODE, FIELD_NAME,DESCRIPTION) values( 'DC0082','CLIENT_ID',''); 
insert into ui_dc_field (UIDC_CODE, FIELD_NAME,DESCRIPTION) values( 'DC0082','COSTCENTER_ID',''); 
insert into ui_dc_field (UIDC_CODE, FIELD_NAME,DESCRIPTION) values( 'DC0082','COSTCENTER_NAME',''); 
insert into ui_dc_field (UIDC_CODE, FIELD_NAME,DESCRIPTION) values( 'DC0082','COSTMETHOD_CODE',''); 
insert into ui_dc_field (UIDC_CODE, FIELD_NAME,DESCRIPTION) values( 'DC0082','CREATEDBY',''); 
insert into ui_dc_field (UIDC_CODE, FIELD_NAME,DESCRIPTION) values( 'DC0082','CREATEDON',''); 
insert into ui_dc_field (UIDC_CODE, FIELD_NAME,DESCRIPTION) values( 'DC0082','ID',''); 
insert into ui_dc_field (UIDC_CODE, FIELD_NAME,DESCRIPTION) values( 'DC0082','MODIFIEDBY',''); 
insert into ui_dc_field (UIDC_CODE, FIELD_NAME,DESCRIPTION) values( 'DC0082','MODIFIEDON',''); 
insert into ui_dc_field (UIDC_CODE, FIELD_NAME,DESCRIPTION) values( 'DC0082','NAME',''); 
insert into ui_dc_field (UIDC_CODE, FIELD_NAME,DESCRIPTION) values( 'DC0082','NOTES',''); 
insert into ui_dc_field (UIDC_CODE, FIELD_NAME,DESCRIPTION) values( 'DC0082','ORG_ID',''); 
insert into ui_dc_field (UIDC_CODE, FIELD_NAME,DESCRIPTION) values( 'DC0082','ORG_TYPE',''); 
insert into ui_dc_field (UIDC_CODE, FIELD_NAME,DESCRIPTION) values( 'DC0083','ACTIVE',''); 
insert into ui_dc_field (UIDC_CODE, FIELD_NAME,DESCRIPTION) values( 'DC0083','CLIENT_CODE',''); 
insert into ui_dc_field (UIDC_CODE, FIELD_NAME,DESCRIPTION) values( 'DC0083','CLIENT_ID',''); 
insert into ui_dc_field (UIDC_CODE, FIELD_NAME,DESCRIPTION) values( 'DC0083','CODE',''); 
insert into ui_dc_field (UIDC_CODE, FIELD_NAME,DESCRIPTION) values( 'DC0083','CREATEDBY',''); 
insert into ui_dc_field (UIDC_CODE, FIELD_NAME,DESCRIPTION) values( 'DC0083','CREATEDON',''); 
insert into ui_dc_field (UIDC_CODE, FIELD_NAME,DESCRIPTION) values( 'DC0083','ID',''); 
insert into ui_dc_field (UIDC_CODE, FIELD_NAME,DESCRIPTION) values( 'DC0083','MODIFIEDBY',''); 
insert into ui_dc_field (UIDC_CODE, FIELD_NAME,DESCRIPTION) values( 'DC0083','MODIFIEDON',''); 
insert into ui_dc_field (UIDC_CODE, FIELD_NAME,DESCRIPTION) values( 'DC0083','NAME',''); 
insert into ui_dc_field (UIDC_CODE, FIELD_NAME,DESCRIPTION) values( 'DC0084','ACTIVE',''); 
insert into ui_dc_field (UIDC_CODE, FIELD_NAME,DESCRIPTION) values( 'DC0084','CODE',''); 
insert into ui_dc_field (UIDC_CODE, FIELD_NAME,DESCRIPTION) values( 'DC0084','CREATEDBY',''); 
insert into ui_dc_field (UIDC_CODE, FIELD_NAME,DESCRIPTION) values( 'DC0084','CREATEDON',''); 
insert into ui_dc_field (UIDC_CODE, FIELD_NAME,DESCRIPTION) values( 'DC0084','ID',''); 
insert into ui_dc_field (UIDC_CODE, FIELD_NAME,DESCRIPTION) values( 'DC0084','MODIFIEDBY',''); 
insert into ui_dc_field (UIDC_CODE, FIELD_NAME,DESCRIPTION) values( 'DC0084','MODIFIEDON',''); 
insert into ui_dc_field (UIDC_CODE, FIELD_NAME,DESCRIPTION) values( 'DC0084','NAME',''); 
insert into ui_dc_field (UIDC_CODE, FIELD_NAME,DESCRIPTION) values( 'DC0085','CLIENT_CODE',''); 
insert into ui_dc_field (UIDC_CODE, FIELD_NAME,DESCRIPTION) values( 'DC0085','CLIENT_ID',''); 
insert into ui_dc_field (UIDC_CODE, FIELD_NAME,DESCRIPTION) values( 'DC0085','CODE',''); 
insert into ui_dc_field (UIDC_CODE, FIELD_NAME,DESCRIPTION) values( 'DC0085','CREATEDBY',''); 
insert into ui_dc_field (UIDC_CODE, FIELD_NAME,DESCRIPTION) values( 'DC0085','CREATEDON',''); 
insert into ui_dc_field (UIDC_CODE, FIELD_NAME,DESCRIPTION) values( 'DC0085','DESCRIPTION',''); 
insert into ui_dc_field (UIDC_CODE, FIELD_NAME,DESCRIPTION) values( 'DC0085','ID',''); 
insert into ui_dc_field (UIDC_CODE, FIELD_NAME,DESCRIPTION) values( 'DC0085','IS_DEFAULT',''); 
insert into ui_dc_field (UIDC_CODE, FIELD_NAME,DESCRIPTION) values( 'DC0085','MODIFIEDBY',''); 
insert into ui_dc_field (UIDC_CODE, FIELD_NAME,DESCRIPTION) values( 'DC0085','MODIFIEDON',''); 
insert into ui_dc_field (UIDC_CODE, FIELD_NAME,DESCRIPTION) values( 'DC0085','ORGINVTYPE_CODE',''); 
insert into ui_dc_field (UIDC_CODE, FIELD_NAME,DESCRIPTION) values( 'DC0085','ORG_ID',''); 
insert into ui_dc_field (UIDC_CODE, FIELD_NAME,DESCRIPTION) values( 'DC0085','ORG_NAME',''); 
insert into ui_dc_field (UIDC_CODE, FIELD_NAME,DESCRIPTION) values( 'DC0086','CODE',''); 
insert into ui_dc_field (UIDC_CODE, FIELD_NAME,DESCRIPTION) values( 'DC0086','CREATEDBY',''); 
insert into ui_dc_field (UIDC_CODE, FIELD_NAME,DESCRIPTION) values( 'DC0086','CREATEDON',''); 
insert into ui_dc_field (UIDC_CODE, FIELD_NAME,DESCRIPTION) values( 'DC0086','DESCRIPTION',''); 
insert into ui_dc_field (UIDC_CODE, FIELD_NAME,DESCRIPTION) values( 'DC0086','ID',''); 
insert into ui_dc_field (UIDC_CODE, FIELD_NAME,DESCRIPTION) values( 'DC0086','MODIFIEDBY',''); 
insert into ui_dc_field (UIDC_CODE, FIELD_NAME,DESCRIPTION) values( 'DC0086','MODIFIEDON',''); 
insert into ui_dc_field (UIDC_CODE, FIELD_NAME,DESCRIPTION) values( 'DC0087','CODE',''); 
insert into ui_dc_field (UIDC_CODE, FIELD_NAME,DESCRIPTION) values( 'DC0087','CREATEDBY',''); 
insert into ui_dc_field (UIDC_CODE, FIELD_NAME,DESCRIPTION) values( 'DC0087','CREATEDON',''); 
insert into ui_dc_field (UIDC_CODE, FIELD_NAME,DESCRIPTION) values( 'DC0087','ID',''); 
insert into ui_dc_field (UIDC_CODE, FIELD_NAME,DESCRIPTION) values( 'DC0087','MODIFIEDBY',''); 
insert into ui_dc_field (UIDC_CODE, FIELD_NAME,DESCRIPTION) values( 'DC0087','MODIFIEDON',''); 
insert into ui_dc_field (UIDC_CODE, FIELD_NAME,DESCRIPTION) values( 'DC0088','CLIENT_ID',''); 
insert into ui_dc_field (UIDC_CODE, FIELD_NAME,DESCRIPTION) values( 'DC0088','CODE',''); 
insert into ui_dc_field (UIDC_CODE, FIELD_NAME,DESCRIPTION) values( 'DC0088','CREATEDBY',''); 
insert into ui_dc_field (UIDC_CODE, FIELD_NAME,DESCRIPTION) values( 'DC0088','CREATEDON',''); 
insert into ui_dc_field (UIDC_CODE, FIELD_NAME,DESCRIPTION) values( 'DC0088','DESCRIPTION',''); 
insert into ui_dc_field (UIDC_CODE, FIELD_NAME,DESCRIPTION) values( 'DC0088','ID',''); 
insert into ui_dc_field (UIDC_CODE, FIELD_NAME,DESCRIPTION) values( 'DC0088','IS_DEFAULT',''); 
insert into ui_dc_field (UIDC_CODE, FIELD_NAME,DESCRIPTION) values( 'DC0088','IS_VIRTUAL',''); 
insert into ui_dc_field (UIDC_CODE, FIELD_NAME,DESCRIPTION) values( 'DC0088','MODIFIEDBY',''); 
insert into ui_dc_field (UIDC_CODE, FIELD_NAME,DESCRIPTION) values( 'DC0088','MODIFIEDON',''); 
insert into ui_dc_field (UIDC_CODE, FIELD_NAME,DESCRIPTION) values( 'DC0088','ORGINV_ID',''); 
insert into ui_dc_field (UIDC_CODE, FIELD_NAME,DESCRIPTION) values( 'DC0088','ORG_ID',''); 
insert into ui_dc_field (UIDC_CODE, FIELD_NAME,DESCRIPTION) values( 'DC0088','STOCKLOC_TYPE',''); 
insert into ui_dc_field (UIDC_CODE, FIELD_NAME,DESCRIPTION) values( 'DC0089','CLIENT_CODE',''); 
insert into ui_dc_field (UIDC_CODE, FIELD_NAME,DESCRIPTION) values( 'DC0089','CLIENT_ID',''); 
insert into ui_dc_field (UIDC_CODE, FIELD_NAME,DESCRIPTION) values( 'DC0089','ORGINV_CODE',''); 
insert into ui_dc_field (UIDC_CODE, FIELD_NAME,DESCRIPTION) values( 'DC0089','ORGINV_ID',''); 
insert into ui_dc_field (UIDC_CODE, FIELD_NAME,DESCRIPTION) values( 'DC0089','ORG_ID',''); 
insert into ui_dc_field (UIDC_CODE, FIELD_NAME,DESCRIPTION) values( 'DC0089','ORG_NAME',''); 
insert into ui_dc_field (UIDC_CODE, FIELD_NAME,DESCRIPTION) values( 'DC0089','PRODUCT_CODE',''); 
insert into ui_dc_field (UIDC_CODE, FIELD_NAME,DESCRIPTION) values( 'DC0089','PRODUCT_ID',''); 
insert into ui_dc_field (UIDC_CODE, FIELD_NAME,DESCRIPTION) values( 'DC0089','PRODUCT_NAME',''); 
insert into ui_dc_field (UIDC_CODE, FIELD_NAME,DESCRIPTION) values( 'DC0089','QTY',''); 
insert into ui_dc_field (UIDC_CODE, FIELD_NAME,DESCRIPTION) values( 'DC0089','STOCKLOC_CODE',''); 
insert into ui_dc_field (UIDC_CODE, FIELD_NAME,DESCRIPTION) values( 'DC0089','STOCKLOC_ID',''); 
insert into ui_dc_field (UIDC_CODE, FIELD_NAME,DESCRIPTION) values( 'DC0089','STOCK_ID',''); 
insert into ui_dc_field (UIDC_CODE, FIELD_NAME,DESCRIPTION) values( 'DC0089','UOM',''); 
insert into ui_dc_field (UIDC_CODE, FIELD_NAME,DESCRIPTION) values( 'DC0090','ID',''); 
insert into ui_dc_field (UIDC_CODE, FIELD_NAME,DESCRIPTION) values( 'DC0090','PRICE',''); 
insert into ui_dc_field (UIDC_CODE, FIELD_NAME,DESCRIPTION) values( 'DC0090','PRICELIST_ID',''); 
insert into ui_dc_field (UIDC_CODE, FIELD_NAME,DESCRIPTION) values( 'DC0090','PRICELVL_ID',''); 
insert into ui_dc_field (UIDC_CODE, FIELD_NAME,DESCRIPTION) values( 'DC0090','PRICELVL_NAME',''); 
insert into ui_dc_field (UIDC_CODE, FIELD_NAME,DESCRIPTION) values( 'DC0090','PRODUCT_ID',''); 
insert into ui_dc_field (UIDC_CODE, FIELD_NAME,DESCRIPTION) values( 'DC0090','PRODUCT_NAME',''); 
insert into ui_dc_field (UIDC_CODE, FIELD_NAME,DESCRIPTION) values( 'DC0091','ACTION',''); 
insert into ui_dc_field (UIDC_CODE, FIELD_NAME,DESCRIPTION) values( 'DC0091','ACTION_HASH',''); 
insert into ui_dc_field (UIDC_CODE, FIELD_NAME,DESCRIPTION) values( 'DC0091','AUDSID',''); 
insert into ui_dc_field (UIDC_CODE, FIELD_NAME,DESCRIPTION) values( 'DC0091','BLOCKING_INSTANCE',''); 
insert into ui_dc_field (UIDC_CODE, FIELD_NAME,DESCRIPTION) values( 'DC0091','BLOCKING_SESSION',''); 
insert into ui_dc_field (UIDC_CODE, FIELD_NAME,DESCRIPTION) values( 'DC0091','BLOCKING_SESSION_STATUS',''); 
insert into ui_dc_field (UIDC_CODE, FIELD_NAME,DESCRIPTION) values( 'DC0091','CLIENT_IDENTIFIER',''); 
insert into ui_dc_field (UIDC_CODE, FIELD_NAME,DESCRIPTION) values( 'DC0091','CLIENT_INFO',''); 
insert into ui_dc_field (UIDC_CODE, FIELD_NAME,DESCRIPTION) values( 'DC0091','COMMAND',''); 
insert into ui_dc_field (UIDC_CODE, FIELD_NAME,DESCRIPTION) values( 'DC0091','CURRENT_QUEUE_DURATION',''); 
insert into ui_dc_field (UIDC_CODE, FIELD_NAME,DESCRIPTION) values( 'DC0091','EVENT',''); 
insert into ui_dc_field (UIDC_CODE, FIELD_NAME,DESCRIPTION) values( 'DC0091','EVENT_',''); 
insert into ui_dc_field (UIDC_CODE, FIELD_NAME,DESCRIPTION) values( 'DC0091','FAILED_OVER',''); 
insert into ui_dc_field (UIDC_CODE, FIELD_NAME,DESCRIPTION) values( 'DC0091','FAILOVER_METHOD',''); 
insert into ui_dc_field (UIDC_CODE, FIELD_NAME,DESCRIPTION) values( 'DC0091','FAILOVER_TYPE',''); 
insert into ui_dc_field (UIDC_CODE, FIELD_NAME,DESCRIPTION) values( 'DC0091','FIXED_TABLE_SEQUENCE',''); 
insert into ui_dc_field (UIDC_CODE, FIELD_NAME,DESCRIPTION) values( 'DC0091','LAST_CALL_ET',''); 
insert into ui_dc_field (UIDC_CODE, FIELD_NAME,DESCRIPTION) values( 'DC0091','LOCKWAIT',''); 
insert into ui_dc_field (UIDC_CODE, FIELD_NAME,DESCRIPTION) values( 'DC0091','LOGON_TIME',''); 
insert into ui_dc_field (UIDC_CODE, FIELD_NAME,DESCRIPTION) values( 'DC0091','MACHINE',''); 
insert into ui_dc_field (UIDC_CODE, FIELD_NAME,DESCRIPTION) values( 'DC0091','MODULE',''); 
insert into ui_dc_field (UIDC_CODE, FIELD_NAME,DESCRIPTION) values( 'DC0091','MODULE_HASH',''); 
insert into ui_dc_field (UIDC_CODE, FIELD_NAME,DESCRIPTION) values( 'DC0091','OSUSER',''); 
insert into ui_dc_field (UIDC_CODE, FIELD_NAME,DESCRIPTION) values( 'DC0091','OWNERID',''); 
insert into ui_dc_field (UIDC_CODE, FIELD_NAME,DESCRIPTION) values( 'DC0091','P1',''); 
insert into ui_dc_field (UIDC_CODE, FIELD_NAME,DESCRIPTION) values( 'DC0091','P1RAW',''); 
insert into ui_dc_field (UIDC_CODE, FIELD_NAME,DESCRIPTION) values( 'DC0091','P1TEXT',''); 
insert into ui_dc_field (UIDC_CODE, FIELD_NAME,DESCRIPTION) values( 'DC0091','P2',''); 
insert into ui_dc_field (UIDC_CODE, FIELD_NAME,DESCRIPTION) values( 'DC0091','P2RAW',''); 
insert into ui_dc_field (UIDC_CODE, FIELD_NAME,DESCRIPTION) values( 'DC0091','P2TEXT',''); 
insert into ui_dc_field (UIDC_CODE, FIELD_NAME,DESCRIPTION) values( 'DC0091','P3',''); 
insert into ui_dc_field (UIDC_CODE, FIELD_NAME,DESCRIPTION) values( 'DC0091','P3RAW',''); 
insert into ui_dc_field (UIDC_CODE, FIELD_NAME,DESCRIPTION) values( 'DC0091','P3TEXT',''); 
insert into ui_dc_field (UIDC_CODE, FIELD_NAME,DESCRIPTION) values( 'DC0091','PADDR',''); 
insert into ui_dc_field (UIDC_CODE, FIELD_NAME,DESCRIPTION) values( 'DC0091','PDDL_STATUS',''); 
insert into ui_dc_field (UIDC_CODE, FIELD_NAME,DESCRIPTION) values( 'DC0091','PDML_ENABLED',''); 
insert into ui_dc_field (UIDC_CODE, FIELD_NAME,DESCRIPTION) values( 'DC0091','PDML_STATUS',''); 
insert into ui_dc_field (UIDC_CODE, FIELD_NAME,DESCRIPTION) values( 'DC0091','PQ_STATUS',''); 
insert into ui_dc_field (UIDC_CODE, FIELD_NAME,DESCRIPTION) values( 'DC0091','PREV_CHILD_NUMBER',''); 
insert into ui_dc_field (UIDC_CODE, FIELD_NAME,DESCRIPTION) values( 'DC0091','PREV_HASH_VALUE',''); 
insert into ui_dc_field (UIDC_CODE, FIELD_NAME,DESCRIPTION) values( 'DC0091','PREV_SQL_ADDR',''); 
insert into ui_dc_field (UIDC_CODE, FIELD_NAME,DESCRIPTION) values( 'DC0091','PREV_SQL_ID',''); 
insert into ui_dc_field (UIDC_CODE, FIELD_NAME,DESCRIPTION) values( 'DC0091','PROCESS',''); 
insert into ui_dc_field (UIDC_CODE, FIELD_NAME,DESCRIPTION) values( 'DC0091','PROGRAM',''); 
insert into ui_dc_field (UIDC_CODE, FIELD_NAME,DESCRIPTION) values( 'DC0091','RESOURCE_CONSUMER_GROUP',''); 
insert into ui_dc_field (UIDC_CODE, FIELD_NAME,DESCRIPTION) values( 'DC0091','ROW_WAIT_BLOCK_',''); 
insert into ui_dc_field (UIDC_CODE, FIELD_NAME,DESCRIPTION) values( 'DC0091','ROW_WAIT_FILE_',''); 
insert into ui_dc_field (UIDC_CODE, FIELD_NAME,DESCRIPTION) values( 'DC0091','ROW_WAIT_OBJ_',''); 
insert into ui_dc_field (UIDC_CODE, FIELD_NAME,DESCRIPTION) values( 'DC0091','ROW_WAIT_ROW_',''); 
insert into ui_dc_field (UIDC_CODE, FIELD_NAME,DESCRIPTION) values( 'DC0091','SADDR',''); 
insert into ui_dc_field (UIDC_CODE, FIELD_NAME,DESCRIPTION) values( 'DC0091','SCHEMANAME',''); 
insert into ui_dc_field (UIDC_CODE, FIELD_NAME,DESCRIPTION) values( 'DC0091','SCHEMA_',''); 
insert into ui_dc_field (UIDC_CODE, FIELD_NAME,DESCRIPTION) values( 'DC0091','SECONDS_IN_WAIT',''); 
insert into ui_dc_field (UIDC_CODE, FIELD_NAME,DESCRIPTION) values( 'DC0091','SEQ_',''); 
insert into ui_dc_field (UIDC_CODE, FIELD_NAME,DESCRIPTION) values( 'DC0091','SERIAL_',''); 
insert into ui_dc_field (UIDC_CODE, FIELD_NAME,DESCRIPTION) values( 'DC0091','SERVER',''); 
insert into ui_dc_field (UIDC_CODE, FIELD_NAME,DESCRIPTION) values( 'DC0091','SERVICE_NAME',''); 
insert into ui_dc_field (UIDC_CODE, FIELD_NAME,DESCRIPTION) values( 'DC0091','SID',''); 
insert into ui_dc_field (UIDC_CODE, FIELD_NAME,DESCRIPTION) values( 'DC0091','SQL_ADDRESS',''); 
insert into ui_dc_field (UIDC_CODE, FIELD_NAME,DESCRIPTION) values( 'DC0091','SQL_CHILD_NUMBER',''); 
insert into ui_dc_field (UIDC_CODE, FIELD_NAME,DESCRIPTION) values( 'DC0091','SQL_HASH_VALUE',''); 
insert into ui_dc_field (UIDC_CODE, FIELD_NAME,DESCRIPTION) values( 'DC0091','SQL_ID',''); 
insert into ui_dc_field (UIDC_CODE, FIELD_NAME,DESCRIPTION) values( 'DC0091','SQL_TEXT',''); 
insert into ui_dc_field (UIDC_CODE, FIELD_NAME,DESCRIPTION) values( 'DC0091','SQL_TRACE',''); 
insert into ui_dc_field (UIDC_CODE, FIELD_NAME,DESCRIPTION) values( 'DC0091','SQL_TRACE_BINDS',''); 
insert into ui_dc_field (UIDC_CODE, FIELD_NAME,DESCRIPTION) values( 'DC0091','SQL_TRACE_WAITS',''); 
insert into ui_dc_field (UIDC_CODE, FIELD_NAME,DESCRIPTION) values( 'DC0091','STATE',''); 
insert into ui_dc_field (UIDC_CODE, FIELD_NAME,DESCRIPTION) values( 'DC0091','STATUS',''); 
insert into ui_dc_field (UIDC_CODE, FIELD_NAME,DESCRIPTION) values( 'DC0091','TADDR',''); 
insert into ui_dc_field (UIDC_CODE, FIELD_NAME,DESCRIPTION) values( 'DC0091','TERMINAL',''); 
insert into ui_dc_field (UIDC_CODE, FIELD_NAME,DESCRIPTION) values( 'DC0091','TYPE',''); 
insert into ui_dc_field (UIDC_CODE, FIELD_NAME,DESCRIPTION) values( 'DC0091','USERNAME',''); 
insert into ui_dc_field (UIDC_CODE, FIELD_NAME,DESCRIPTION) values( 'DC0091','USER_',''); 
insert into ui_dc_field (UIDC_CODE, FIELD_NAME,DESCRIPTION) values( 'DC0091','WAIT_CLASS',''); 
insert into ui_dc_field (UIDC_CODE, FIELD_NAME,DESCRIPTION) values( 'DC0091','WAIT_CLASS_',''); 
insert into ui_dc_field (UIDC_CODE, FIELD_NAME,DESCRIPTION) values( 'DC0091','WAIT_CLASS_ID',''); 
insert into ui_dc_field (UIDC_CODE, FIELD_NAME,DESCRIPTION) values( 'DC0091','WAIT_TIME',''); 
insert into ui_dc_field (UIDC_CODE, FIELD_NAME,DESCRIPTION) values( 'DC0092','ID',''); 
insert into ui_dc_field (UIDC_CODE, FIELD_NAME,DESCRIPTION) values( 'DC0092','NAME',''); 
insert into ui_dc_field (UIDC_CODE, FIELD_NAME,DESCRIPTION) values( 'DC0093','CREATEDBY',''); 
insert into ui_dc_field (UIDC_CODE, FIELD_NAME,DESCRIPTION) values( 'DC0093','CREATEDON',''); 
insert into ui_dc_field (UIDC_CODE, FIELD_NAME,DESCRIPTION) values( 'DC0093','DESCRIPTION',''); 
insert into ui_dc_field (UIDC_CODE, FIELD_NAME,DESCRIPTION) values( 'DC0093','ID',''); 
insert into ui_dc_field (UIDC_CODE, FIELD_NAME,DESCRIPTION) values( 'DC0093','IS_ACCOUNT',''); 
insert into ui_dc_field (UIDC_CODE, FIELD_NAME,DESCRIPTION) values( 'DC0093','MODIFIEDBY',''); 
insert into ui_dc_field (UIDC_CODE, FIELD_NAME,DESCRIPTION) values( 'DC0093','MODIFIEDON',''); 
insert into ui_dc_field (UIDC_CODE, FIELD_NAME,DESCRIPTION) values( 'DC0093','NAME',''); 
insert into ui_dc_field (UIDC_CODE, FIELD_NAME,DESCRIPTION) values( 'DC0094','ACCSCHEMA_ID',''); 
insert into ui_dc_field (UIDC_CODE, FIELD_NAME,DESCRIPTION) values( 'DC0094','ACCSCHEMA_NAME',''); 
insert into ui_dc_field (UIDC_CODE, FIELD_NAME,DESCRIPTION) values( 'DC0094','CLIENT_CODE',''); 
insert into ui_dc_field (UIDC_CODE, FIELD_NAME,DESCRIPTION) values( 'DC0094','CLIENT_ID',''); 
insert into ui_dc_field (UIDC_CODE, FIELD_NAME,DESCRIPTION) values( 'DC0094','CREATEDBY',''); 
insert into ui_dc_field (UIDC_CODE, FIELD_NAME,DESCRIPTION) values( 'DC0094','CREATEDON',''); 
insert into ui_dc_field (UIDC_CODE, FIELD_NAME,DESCRIPTION) values( 'DC0094','ID',''); 
insert into ui_dc_field (UIDC_CODE, FIELD_NAME,DESCRIPTION) values( 'DC0094','IS_DEFAULT',''); 
insert into ui_dc_field (UIDC_CODE, FIELD_NAME,DESCRIPTION) values( 'DC0094','MODIFIEDBY',''); 
insert into ui_dc_field (UIDC_CODE, FIELD_NAME,DESCRIPTION) values( 'DC0094','MODIFIEDON',''); 
insert into ui_dc_field (UIDC_CODE, FIELD_NAME,DESCRIPTION) values( 'DC0095','ACTIVE',''); 
insert into ui_dc_field (UIDC_CODE, FIELD_NAME,DESCRIPTION) values( 'DC0095','CODE',''); 
insert into ui_dc_field (UIDC_CODE, FIELD_NAME,DESCRIPTION) values( 'DC0095','CREATEDBY',''); 
insert into ui_dc_field (UIDC_CODE, FIELD_NAME,DESCRIPTION) values( 'DC0095','CREATEDON',''); 
insert into ui_dc_field (UIDC_CODE, FIELD_NAME,DESCRIPTION) values( 'DC0095','ID',''); 
insert into ui_dc_field (UIDC_CODE, FIELD_NAME,DESCRIPTION) values( 'DC0095','MODIFIEDBY',''); 
insert into ui_dc_field (UIDC_CODE, FIELD_NAME,DESCRIPTION) values( 'DC0095','MODIFIEDON',''); 
insert into ui_dc_field (UIDC_CODE, FIELD_NAME,DESCRIPTION) values( 'DC0095','NAME',''); 
insert into ui_dc_field (UIDC_CODE, FIELD_NAME,DESCRIPTION) values( 'DC0096','ACTIVE',''); 
insert into ui_dc_field (UIDC_CODE, FIELD_NAME,DESCRIPTION) values( 'DC0096','CODE',''); 
insert into ui_dc_field (UIDC_CODE, FIELD_NAME,DESCRIPTION) values( 'DC0096','CREATEDBY',''); 
insert into ui_dc_field (UIDC_CODE, FIELD_NAME,DESCRIPTION) values( 'DC0096','CREATEDON',''); 
insert into ui_dc_field (UIDC_CODE, FIELD_NAME,DESCRIPTION) values( 'DC0096','ID',''); 
insert into ui_dc_field (UIDC_CODE, FIELD_NAME,DESCRIPTION) values( 'DC0096','MODIFIEDBY',''); 
insert into ui_dc_field (UIDC_CODE, FIELD_NAME,DESCRIPTION) values( 'DC0096','MODIFIEDON',''); 
insert into ui_dc_field (UIDC_CODE, FIELD_NAME,DESCRIPTION) values( 'DC0096','NAME',''); 
insert into ui_dc_field (UIDC_CODE, FIELD_NAME,DESCRIPTION) values( 'DC0097','ASSET_ID',''); 
insert into ui_dc_field (UIDC_CODE, FIELD_NAME,DESCRIPTION) values( 'DC0097','CREATEDBY',''); 
insert into ui_dc_field (UIDC_CODE, FIELD_NAME,DESCRIPTION) values( 'DC0097','CREATEDON',''); 
insert into ui_dc_field (UIDC_CODE, FIELD_NAME,DESCRIPTION) values( 'DC0097','ID',''); 
insert into ui_dc_field (UIDC_CODE, FIELD_NAME,DESCRIPTION) values( 'DC0097','MODIFIEDBY',''); 
insert into ui_dc_field (UIDC_CODE, FIELD_NAME,DESCRIPTION) values( 'DC0097','MODIFIEDON',''); 
insert into ui_dc_field (UIDC_CODE, FIELD_NAME,DESCRIPTION) values( 'DC0097','REG_NO',''); 
insert into ui_dc_field (UIDC_CODE, FIELD_NAME,DESCRIPTION) values( 'DC0097','VEHICLETYP_CODE',''); 
insert into ui_dc_field (UIDC_CODE, FIELD_NAME,DESCRIPTION) values( 'DC0098','CODE',''); 
insert into ui_dc_field (UIDC_CODE, FIELD_NAME,DESCRIPTION) values( 'DC0098','CREATEDBY',''); 
insert into ui_dc_field (UIDC_CODE, FIELD_NAME,DESCRIPTION) values( 'DC0098','CREATEDON',''); 
insert into ui_dc_field (UIDC_CODE, FIELD_NAME,DESCRIPTION) values( 'DC0098','EFECTIVE_ARRIVE_DATE',''); 
insert into ui_dc_field (UIDC_CODE, FIELD_NAME,DESCRIPTION) values( 'DC0098','EFECTIVE_DEP_DATE',''); 
insert into ui_dc_field (UIDC_CODE, FIELD_NAME,DESCRIPTION) values( 'DC0098','ID',''); 
insert into ui_dc_field (UIDC_CODE, FIELD_NAME,DESCRIPTION) values( 'DC0098','MODIFIEDBY',''); 
insert into ui_dc_field (UIDC_CODE, FIELD_NAME,DESCRIPTION) values( 'DC0098','MODIFIEDON',''); 
insert into ui_dc_field (UIDC_CODE, FIELD_NAME,DESCRIPTION) values( 'DC0098','PLANNED_ARRIVE_DATE',''); 
insert into ui_dc_field (UIDC_CODE, FIELD_NAME,DESCRIPTION) values( 'DC0098','PLANNED_DEP_DATE',''); 
insert into ui_dc_field (UIDC_CODE, FIELD_NAME,DESCRIPTION) values( 'DC0098','TRANSPSTAT_CODE',''); 
insert into ui_dc_field (UIDC_CODE, FIELD_NAME,DESCRIPTION) values( 'DC0098','TRANSPTYPE_CODE',''); 
insert into ui_dc_field (UIDC_CODE, FIELD_NAME,DESCRIPTION) values( 'DC0098','VEHICLE_ID',''); 
insert into ui_dc_field (UIDC_CODE, FIELD_NAME,DESCRIPTION) values( 'DC0098','VEHICLE_REGNO',''); 
insert into ui_dc_field (UIDC_CODE, FIELD_NAME,DESCRIPTION) values( 'DC0099','ACTIVE',''); 
insert into ui_dc_field (UIDC_CODE, FIELD_NAME,DESCRIPTION) values( 'DC0099','CODE',''); 
insert into ui_dc_field (UIDC_CODE, FIELD_NAME,DESCRIPTION) values( 'DC0099','CREATEDBY',''); 
insert into ui_dc_field (UIDC_CODE, FIELD_NAME,DESCRIPTION) values( 'DC0099','CREATEDON',''); 
insert into ui_dc_field (UIDC_CODE, FIELD_NAME,DESCRIPTION) values( 'DC0099','ID',''); 
insert into ui_dc_field (UIDC_CODE, FIELD_NAME,DESCRIPTION) values( 'DC0099','MODIFIEDBY',''); 
insert into ui_dc_field (UIDC_CODE, FIELD_NAME,DESCRIPTION) values( 'DC0099','MODIFIEDON',''); 
insert into ui_dc_field (UIDC_CODE, FIELD_NAME,DESCRIPTION) values( 'DC0099','NAME',''); 
insert into ui_dc_field (UIDC_CODE, FIELD_NAME,DESCRIPTION) values( 'DC0100','BPARTNER_ID',''); 
insert into ui_dc_field (UIDC_CODE, FIELD_NAME,DESCRIPTION) values( 'DC0100','CLIENT_CODE',''); 
insert into ui_dc_field (UIDC_CODE, FIELD_NAME,DESCRIPTION) values( 'DC0100','CLIENT_ID',''); 
insert into ui_dc_field (UIDC_CODE, FIELD_NAME,DESCRIPTION) values( 'DC0100','CREATEDBY',''); 
insert into ui_dc_field (UIDC_CODE, FIELD_NAME,DESCRIPTION) values( 'DC0100','CREATEDON',''); 
insert into ui_dc_field (UIDC_CODE, FIELD_NAME,DESCRIPTION) values( 'DC0100','ID',''); 
insert into ui_dc_field (UIDC_CODE, FIELD_NAME,DESCRIPTION) values( 'DC0100','IS_CUSTOMER',''); 
insert into ui_dc_field (UIDC_CODE, FIELD_NAME,DESCRIPTION) values( 'DC0100','IS_EMPLOYEE',''); 
insert into ui_dc_field (UIDC_CODE, FIELD_NAME,DESCRIPTION) values( 'DC0100','IS_VENDOR',''); 
insert into ui_dc_field (UIDC_CODE, FIELD_NAME,DESCRIPTION) values( 'DC0100','MODIFIEDBY',''); 
insert into ui_dc_field (UIDC_CODE, FIELD_NAME,DESCRIPTION) values( 'DC0100','MODIFIEDON',''); 
insert into ui_dc_field (UIDC_CODE, FIELD_NAME,DESCRIPTION) values( 'DC0101','ACCSCHEMAPARAM_ID',''); 
insert into ui_dc_field (UIDC_CODE, FIELD_NAME,DESCRIPTION) values( 'DC0101','ACCSCHEMAPARAM_NAME',''); 
insert into ui_dc_field (UIDC_CODE, FIELD_NAME,DESCRIPTION) values( 'DC0101','ACCSCHEMA_ID',''); 
insert into ui_dc_field (UIDC_CODE, FIELD_NAME,DESCRIPTION) values( 'DC0101','ACCSCHEMA_NAME',''); 
insert into ui_dc_field (UIDC_CODE, FIELD_NAME,DESCRIPTION) values( 'DC0101','CLIENT_CODE',''); 
insert into ui_dc_field (UIDC_CODE, FIELD_NAME,DESCRIPTION) values( 'DC0101','CLIENT_ID',''); 
insert into ui_dc_field (UIDC_CODE, FIELD_NAME,DESCRIPTION) values( 'DC0101','CREATEDBY',''); 
insert into ui_dc_field (UIDC_CODE, FIELD_NAME,DESCRIPTION) values( 'DC0101','CREATEDON',''); 
insert into ui_dc_field (UIDC_CODE, FIELD_NAME,DESCRIPTION) values( 'DC0101','ID',''); 
insert into ui_dc_field (UIDC_CODE, FIELD_NAME,DESCRIPTION) values( 'DC0101','MODIFIEDBY',''); 
insert into ui_dc_field (UIDC_CODE, FIELD_NAME,DESCRIPTION) values( 'DC0101','MODIFIEDON',''); 
insert into ui_dc_field (UIDC_CODE, FIELD_NAME,DESCRIPTION) values( 'DC0101','PARAM_ACCT_ID',''); 
insert into ui_dc_field (UIDC_CODE, FIELD_NAME,DESCRIPTION) values( 'DC0101','PARAM_ACCT_NAME',''); 
insert into ui_dc_field (UIDC_CODE, FIELD_NAME,DESCRIPTION) values( 'DC0102','ACCSCHEMA_ID',''); 
insert into ui_dc_field (UIDC_CODE, FIELD_NAME,DESCRIPTION) values( 'DC0102','ACCSCHEMA_NAME',''); 
insert into ui_dc_field (UIDC_CODE, FIELD_NAME,DESCRIPTION) values( 'DC0102','BPARTNER_ID',''); 
insert into ui_dc_field (UIDC_CODE, FIELD_NAME,DESCRIPTION) values( 'DC0102','BPARTNER_NAME',''); 
insert into ui_dc_field (UIDC_CODE, FIELD_NAME,DESCRIPTION) values( 'DC0102','CLIENT_CODE',''); 
insert into ui_dc_field (UIDC_CODE, FIELD_NAME,DESCRIPTION) values( 'DC0102','CLIENT_ID',''); 
insert into ui_dc_field (UIDC_CODE, FIELD_NAME,DESCRIPTION) values( 'DC0102','CREATEDBY',''); 
insert into ui_dc_field (UIDC_CODE, FIELD_NAME,DESCRIPTION) values( 'DC0102','CREATEDON',''); 
insert into ui_dc_field (UIDC_CODE, FIELD_NAME,DESCRIPTION) values( 'DC0102','C_ACCT_PREPAY_ID',''); 
insert into ui_dc_field (UIDC_CODE, FIELD_NAME,DESCRIPTION) values( 'DC0102','C_ACCT_RECEIVABLE_ID',''); 
insert into ui_dc_field (UIDC_CODE, FIELD_NAME,DESCRIPTION) values( 'DC0102','C_ACCT_RECEIVABLE_NAME',''); 
insert into ui_dc_field (UIDC_CODE, FIELD_NAME,DESCRIPTION) values( 'DC0102','ID',''); 
insert into ui_dc_field (UIDC_CODE, FIELD_NAME,DESCRIPTION) values( 'DC0102','I_ACCT_PAYABLE_ID',''); 
insert into ui_dc_field (UIDC_CODE, FIELD_NAME,DESCRIPTION) values( 'DC0102','I_ACCT_PREPAY_ID',''); 
insert into ui_dc_field (UIDC_CODE, FIELD_NAME,DESCRIPTION) values( 'DC0102','I_ACCT_RECEIVABLE_ID',''); 
insert into ui_dc_field (UIDC_CODE, FIELD_NAME,DESCRIPTION) values( 'DC0102','MODIFIEDBY',''); 
insert into ui_dc_field (UIDC_CODE, FIELD_NAME,DESCRIPTION) values( 'DC0102','MODIFIEDON',''); 
insert into ui_dc_field (UIDC_CODE, FIELD_NAME,DESCRIPTION) values( 'DC0102','V_ACCT_PAYABLE_ID',''); 
insert into ui_dc_field (UIDC_CODE, FIELD_NAME,DESCRIPTION) values( 'DC0102','V_ACCT_PAYABLE_NAME',''); 
insert into ui_dc_field (UIDC_CODE, FIELD_NAME,DESCRIPTION) values( 'DC0102','V_ACCT_PREPAY_ID',''); 
insert into ui_dc_field (UIDC_CODE, FIELD_NAME,DESCRIPTION) values( 'DC0103','BPARTNER_ID',''); 
insert into ui_dc_field (UIDC_CODE, FIELD_NAME,DESCRIPTION) values( 'DC0103','BPARTNER_NAME',''); 
insert into ui_dc_field (UIDC_CODE, FIELD_NAME,DESCRIPTION) values( 'DC0103','CLIENT_CODE',''); 
insert into ui_dc_field (UIDC_CODE, FIELD_NAME,DESCRIPTION) values( 'DC0103','CLIENT_ID',''); 
insert into ui_dc_field (UIDC_CODE, FIELD_NAME,DESCRIPTION) values( 'DC0103','CREATEDBY',''); 
insert into ui_dc_field (UIDC_CODE, FIELD_NAME,DESCRIPTION) values( 'DC0103','CREATEDON',''); 
insert into ui_dc_field (UIDC_CODE, FIELD_NAME,DESCRIPTION) values( 'DC0103','CREDITCLASS_CODE',''); 
insert into ui_dc_field (UIDC_CODE, FIELD_NAME,DESCRIPTION) values( 'DC0103','CUSTGRP_CODE',''); 
insert into ui_dc_field (UIDC_CODE, FIELD_NAME,DESCRIPTION) values( 'DC0103','ID',''); 
insert into ui_dc_field (UIDC_CODE, FIELD_NAME,DESCRIPTION) values( 'DC0103','IS_CUSTOMER',''); 
insert into ui_dc_field (UIDC_CODE, FIELD_NAME,DESCRIPTION) values( 'DC0103','IS_EMPLOYEE',''); 
insert into ui_dc_field (UIDC_CODE, FIELD_NAME,DESCRIPTION) values( 'DC0103','IS_VENDOR',''); 
insert into ui_dc_field (UIDC_CODE, FIELD_NAME,DESCRIPTION) values( 'DC0103','MAX_CREDIT_LIMIT',''); 
insert into ui_dc_field (UIDC_CODE, FIELD_NAME,DESCRIPTION) values( 'DC0103','MAX_CREDIT_LIMIT_CURRENCY',''); 
insert into ui_dc_field (UIDC_CODE, FIELD_NAME,DESCRIPTION) values( 'DC0103','MAX_PAYMENT_TERM',''); 
insert into ui_dc_field (UIDC_CODE, FIELD_NAME,DESCRIPTION) values( 'DC0103','MODIFIEDBY',''); 
insert into ui_dc_field (UIDC_CODE, FIELD_NAME,DESCRIPTION) values( 'DC0103','MODIFIEDON',''); 
insert into ui_dc_field (UIDC_CODE, FIELD_NAME,DESCRIPTION) values( 'DC0103','PAYMETHOD_CODE',''); 
insert into ui_dc_field (UIDC_CODE, FIELD_NAME,DESCRIPTION) values( 'DC0103','PAYTERMCLASS_CODE',''); 
insert into ui_dc_field (UIDC_CODE, FIELD_NAME,DESCRIPTION) values( 'DC0104','CLIENT_CODE',''); 
insert into ui_dc_field (UIDC_CODE, FIELD_NAME,DESCRIPTION) values( 'DC0104','CLIENT_ID',''); 
insert into ui_dc_field (UIDC_CODE, FIELD_NAME,DESCRIPTION) values( 'DC0104','CREATEDBY',''); 
insert into ui_dc_field (UIDC_CODE, FIELD_NAME,DESCRIPTION) values( 'DC0104','CREATEDON',''); 
insert into ui_dc_field (UIDC_CODE, FIELD_NAME,DESCRIPTION) values( 'DC0104','FOR_SALE',''); 
insert into ui_dc_field (UIDC_CODE, FIELD_NAME,DESCRIPTION) values( 'DC0104','ID',''); 
insert into ui_dc_field (UIDC_CODE, FIELD_NAME,DESCRIPTION) values( 'DC0104','MODIFIEDBY',''); 
insert into ui_dc_field (UIDC_CODE, FIELD_NAME,DESCRIPTION) values( 'DC0104','MODIFIEDON',''); 
insert into ui_dc_field (UIDC_CODE, FIELD_NAME,DESCRIPTION) values( 'DC0104','PRODCLASS_CODE',''); 
insert into ui_dc_field (UIDC_CODE, FIELD_NAME,DESCRIPTION) values( 'DC0104','PRODUCT_ID',''); 
insert into ui_dc_field (UIDC_CODE, FIELD_NAME,DESCRIPTION) values( 'DC0105','ACCSCHEMA_ID',''); 
insert into ui_dc_field (UIDC_CODE, FIELD_NAME,DESCRIPTION) values( 'DC0105','ACCSCHEMA_NAME',''); 
insert into ui_dc_field (UIDC_CODE, FIELD_NAME,DESCRIPTION) values( 'DC0105','ASSET_ACCT_ID',''); 
insert into ui_dc_field (UIDC_CODE, FIELD_NAME,DESCRIPTION) values( 'DC0105','CLIENT_CODE',''); 
insert into ui_dc_field (UIDC_CODE, FIELD_NAME,DESCRIPTION) values( 'DC0105','CLIENT_ID',''); 
insert into ui_dc_field (UIDC_CODE, FIELD_NAME,DESCRIPTION) values( 'DC0105','CREATEDBY',''); 
insert into ui_dc_field (UIDC_CODE, FIELD_NAME,DESCRIPTION) values( 'DC0105','CREATEDON',''); 
insert into ui_dc_field (UIDC_CODE, FIELD_NAME,DESCRIPTION) values( 'DC0105','EXPENSE_ACCT_ID',''); 
insert into ui_dc_field (UIDC_CODE, FIELD_NAME,DESCRIPTION) values( 'DC0105','EXPENSE_ACCT_NAME',''); 
insert into ui_dc_field (UIDC_CODE, FIELD_NAME,DESCRIPTION) values( 'DC0105','ID',''); 
insert into ui_dc_field (UIDC_CODE, FIELD_NAME,DESCRIPTION) values( 'DC0105','MODIFIEDBY',''); 
insert into ui_dc_field (UIDC_CODE, FIELD_NAME,DESCRIPTION) values( 'DC0105','MODIFIEDON',''); 
insert into ui_dc_field (UIDC_CODE, FIELD_NAME,DESCRIPTION) values( 'DC0105','PRODUCT_ID',''); 
insert into ui_dc_field (UIDC_CODE, FIELD_NAME,DESCRIPTION) values( 'DC0105','PRODUCT_NAME',''); 
insert into ui_dc_field (UIDC_CODE, FIELD_NAME,DESCRIPTION) values( 'DC0105','REVENUE_ACCT_ID',''); 
insert into ui_dc_field (UIDC_CODE, FIELD_NAME,DESCRIPTION) values( 'DC0105','REVENUE_ACCT_NAME',''); 
 
prompt Enabling foreign key constraints for MENUITEM...
alter table MENUITEM enable constraint FK_MENUITEM_MENUITEM; 
spool off;
exit;
